Area,Bedrooms,Bathrooms,Garage,YearBuilt,Location,Price
8000,3,2,1,2004,Lagos,105402678
8100,2,2,1,2013,Kaduna,62530695
8200,2,1,0,2023,Kano,71488309
8300,3,1,0,2006,Kano,70608894
8400,3,2,1,2003,Lagos,107029977
8500,5,2,1,1995,Kano,73534930
8600,2,3,1,2022,Kaduna,75476037
8700,4,1,1,2007,Abuja,91408546
8800,2,2,1,2005,Jigawa,59349801
8900,5,1,1,2007,Jigawa,63791039
9000,3,3,1,2010,Lagos,104269760
9100,5,2,1,2022,Abuja,100682898
9200,2,3,0,2011,Jigawa,64339642
9300,1,1,0,2004,Kano,67602196
9400,2,1,1,2014,Kaduna,71950987
9500,3,1,0,2009,Abuja,98229064
9600,1,2,1,1998,Kaduna,63918886
9700,1,1,0,2013,Abuja,87597612
9800,2,1,1,2012,Kano,79689283
9900,2,1,0,1995,Kaduna,66091342
10000,3,1,0,1998,Abuja,94275970
10100,3,2,1,2004,Lagos,108627893
10200,4,2,0,2010,Kaduna,71614284
10300,5,2,0,2023,Jigawa,74005794
10400,3,3,1,2004,Lagos,117833379
10500,5,2,1,2020,Jigawa,79331148
10600,5,3,1,2001,Jigawa,77943064
10700,4,3,0,2015,Abuja,105869327
10800,4,2,0,2003,Kano,82202134
10900,2,2,1,1997,Jigawa,66745933
11000,5,1,1,2010,Lagos,120801102
11100,4,3,1,2007,Jigawa,77254204
11200,5,2,0,1995,Kano,84413835
11300,3,3,1,2023,Kaduna,89622688
11400,2,2,1,2005,Kaduna,77711842
11500,5,1,0,2016,Kano,91479621
11600,2,3,1,2006,Kano,85363096
11700,4,1,0,1999,Kaduna,81668817
11800,2,2,0,2012,Kano,86122625
11900,4,1,1,2008,Jigawa,79184495
12000,1,2,0,2017,Kano,90580838
12100,3,1,1,2020,Abuja,113007460
12200,4,2,0,1995,Kano,88648374
12300,3,2,0,2007,Kaduna,87471288
12400,5,2,1,2008,Kano,101639489
12500,5,3,0,2007,Lagos,124066104
12600,3,3,1,2015,Lagos,129228946
12700,5,2,0,2020,Jigawa,88194295
12800,1,3,0,2016,Jigawa,84569042
12900,1,1,0,2021,Abuja,105550646
13000,4,1,1,1998,Jigawa,78957844
13100,4,2,0,2009,Kaduna,94809033
13200,5,2,0,2013,Jigawa,83285122
13300,2,3,0,2012,Jigawa,86538921
13400,2,1,1,2002,Kano,90595335
13500,5,1,1,2007,Kaduna,90731139
13600,4,3,1,2015,Kano,104389181
13700,4,2,0,1998,Abuja,113791469
13800,4,2,0,2022,Jigawa,89679004
13900,1,2,1,2008,Lagos,122238327
14000,2,1,1,2008,Lagos,130581680
14100,4,1,0,2012,Abuja,120680366
14200,5,2,0,2012,Lagos,131060607
14300,5,3,0,1999,Jigawa,95945160
14400,1,3,1,2012,Kano,98990842
14500,5,1,1,2001,Jigawa,91943705
14600,3,3,0,2010,Jigawa,88976697
14700,3,2,1,2006,Lagos,135275260
14800,4,2,1,2022,Kano,108910968
14900,2,2,1,1999,Kano,99959660
15000,2,1,0,2002,Kaduna,90650817
15100,2,1,1,2012,Lagos,128471575
15200,5,1,0,2002,Lagos,135382933
15300,1,3,0,2022,Lagos,133723453
15400,3,1,0,1997,Lagos,132905170
15500,4,2,1,2015,Lagos,144202809
15600,1,2,1,2004,Kaduna,99048066
15700,1,1,0,2022,Kaduna,99195620
15800,1,1,1,2002,Abuja,118289912
15900,5,1,0,2021,Jigawa,94684228
16000,5,3,1,2020,Kano,116292081
16100,3,3,1,1999,Kano,112618201
16200,1,2,1,2000,Jigawa,94395303
16300,1,1,1,2023,Jigawa,92932415
16400,1,1,0,2022,Kaduna,102180989
16500,2,1,0,2021,Abuja,123699602
16600,3,1,0,2000,Lagos,135911926
16700,1,2,0,2017,Lagos,138788190
16800,4,1,1,2002,Jigawa,100767876
16900,4,2,0,2016,Lagos,148054377
17000,1,2,0,1998,Kaduna,103525261
17100,5,1,0,2018,Jigawa,106092566
17200,2,3,1,2003,Kaduna,107803699
17300,2,1,1,2007,Abuja,137662148
17400,4,1,0,2006,Abuja,134111796
17500,2,2,0,2001,Jigawa,96604524
17600,4,1,0,2018,Jigawa,106784377
17700,2,2,0,2020,Kano,116313768
17800,3,1,1,2013,Lagos,146748272
17900,1,2,1,1996,Kano,110955557
18000,4,1,1,2002,Abuja,135801543
18100,1,2,0,2019,Jigawa,99575918
18200,3,1,0,2003,Jigawa,107927777
18300,1,2,0,2013,Kaduna,112910879
18400,4,1,1,2016,Kano,120765629
18500,5,2,0,2015,Abuja,143829169
18600,5,3,0,2016,Lagos,154403102
18700,1,3,0,2016,Kaduna,120464723
18800,1,1,1,2016,Jigawa,108052131
18900,4,1,1,2012,Abuja,148128148
19000,1,2,1,2005,Kano,120610459
19100,2,1,1,1999,Abuja,144971902
19200,1,1,1,2001,Jigawa,107375122
19300,5,1,0,2008,Lagos,159463177
19400,3,3,1,2019,Kano,131195056
19500,1,2,1,2018,Abuja,150347757
19600,3,1,0,1996,Abuja,143974639
19700,3,2,0,1997,Jigawa,116234151
19800,3,2,0,2012,Kano,127383648
19900,5,2,0,2005,Jigawa,119681163
20000,4,3,1,2013,Jigawa,123050328
20100,2,2,0,2007,Jigawa,114209276
20200,2,1,0,1995,Abuja,145891540
20300,1,1,0,1998,Abuja,142493227
20400,1,1,0,2015,Jigawa,111178321
20500,1,1,1,1995,Jigawa,116640293
20600,2,1,1,2020,Kano,128428499
20700,4,1,0,2002,Kaduna,127989851
20800,3,2,1,2000,Kaduna,132850552
20900,4,2,1,2001,Abuja,152744089
21000,3,2,1,2009,Jigawa,126309667
21100,2,2,0,2018,Lagos,164230702
21200,5,1,0,2010,Kaduna,130476447
21300,4,3,0,2018,Abuja,165771516
21400,2,2,1,1998,Lagos,166989129
21500,1,1,0,1996,Abuja,150812135
21600,4,1,0,2013,Kaduna,131031256
21700,1,2,0,2012,Kano,136962699
21800,1,1,1,2018,Jigawa,125362291
21900,2,1,0,1998,Abuja,150865530
22000,4,1,1,2006,Kano,137422810
22100,5,2,1,1995,Kaduna,133913562
22200,2,3,1,2019,Lagos,172470383
22300,1,1,1,1998,Abuja,159724720
22400,4,1,1,2002,Kano,146050087
22500,5,2,0,2021,Jigawa,135934845
22600,3,3,1,2018,Lagos,181424013
22700,4,2,0,1995,Lagos,175470341
22800,3,2,0,1999,Kano,144813825
22900,1,2,1,1996,Lagos,170985166
23000,5,1,0,2000,Kaduna,139108979
23100,4,3,0,2003,Kaduna,138018834
23200,5,2,0,2013,Jigawa,135957065
23300,4,3,1,2020,Kano,158527446
23400,1,2,1,2019,Kaduna,142458975
23500,4,1,1,2017,Lagos,184176629
23600,4,2,0,2000,Kano,143108389
23700,4,2,0,2005,Kano,143454781
23800,1,2,1,1999,Lagos,174003052
23900,3,1,0,2007,Lagos,177591087
24000,3,2,1,2016,Kaduna,146320750
24100,3,2,1,2009,Lagos,182988631
24200,5,2,1,2002,Abuja,171427069
24300,1,3,0,2015,Jigawa,135368413
24400,1,1,0,1996,Abuja,161870659
24500,4,1,1,2021,Lagos,184365627
24600,3,2,0,2004,Kaduna,147024244
24700,4,2,0,2015,Kano,149995567
24800,3,2,1,2013,Abuja,173474360
24900,3,2,1,2003,Jigawa,147793560
25000,1,2,0,2021,Jigawa,137364953
25100,1,1,0,1999,Jigawa,131034243
25200,1,1,0,1999,Lagos,171822878
25300,4,1,0,2001,Abuja,171460245
25400,3,2,1,2020,Lagos,187624118
25500,1,2,1,1999,Kano,155285361
25600,2,1,0,2008,Kaduna,148713268
25700,4,1,0,2007,Kano,157949121
25800,1,2,0,2022,Abuja,179556730
25900,3,1,0,2015,Kano,152751485
26000,5,2,0,2003,Kano,164089808
26100,2,3,0,2023,Lagos,195018666
26200,5,1,0,1999,Jigawa,145844962
26300,2,3,1,2001,Abuja,177649432
26400,1,1,1,2008,Jigawa,142600568
26500,1,1,0,2023,Abuja,174880224
26600,3,1,1,2012,Kano,164387869
26700,3,2,1,2016,Jigawa,150362524
26800,3,2,0,1999,Abuja,183083280
26900,1,2,1,2001,Kano,165541914
27000,4,1,0,2008,Lagos,190313356
27100,2,2,1,2009,Kano,162865976
27200,4,1,0,1999,Lagos,191364073
27300,5,2,1,1997,Jigawa,160496815
27400,5,3,1,2010,Jigawa,159622960
27500,1,3,1,2023,Abuja,185826822
27600,5,1,1,2003,Kano,170667893
27700,5,3,0,2011,Abuja,193989444
27800,2,3,0,2004,Abuja,187509455
27900,1,1,0,2007,Lagos,187668855
28000,3,1,0,2015,Jigawa,156838903
28100,5,2,1,2014,Kaduna,175338708
28200,3,3,1,2003,Jigawa,163907830
28300,1,2,1,2005,Abuja,192136367
28400,1,1,1,1996,Abuja,186175521
28500,5,1,1,1995,Kaduna,171511909
28600,1,3,0,1999,Abuja,187497350
28700,5,1,1,2019,Kano,181976210
28800,4,3,1,1997,Jigawa,170034548
28900,1,2,1,2002,Kaduna,170684850
29000,5,1,0,2015,Jigawa,163253061
29100,3,3,0,2000,Abuja,195580311
29200,1,2,1,1997,Abuja,191623572
29300,3,1,1,2000,Abuja,194186930
29400,4,2,1,2005,Kano,183244684
29500,5,2,1,2007,Kano,182286745
29600,4,3,0,2017,Kaduna,180847289
29700,2,2,1,2010,Kano,179860237
29800,5,1,0,2009,Abuja,200000000
29900,2,3,1,2004,Abuja,200000000
30000,2,1,0,2000,Jigawa,158077246
30100,1,1,0,2021,Abuja,191880232
30200,5,1,0,2004,Lagos,200000000
30300,5,3,0,2011,Jigawa,177581371
30400,4,3,1,2020,Abuja,200000000
30500,1,2,0,1996,Kano,177421324
30600,4,1,1,2003,Lagos,200000000
30700,2,2,0,2015,Abuja,200000000
30800,3,1,1,2015,Kaduna,183530921
30900,1,2,1,2005,Jigawa,172268179
31000,4,1,1,2007,Abuja,200000000
31100,3,2,0,2019,Lagos,200000000
31200,5,2,0,1995,Lagos,200000000
31300,4,3,0,2001,Kaduna,185079871
31400,3,2,1,2006,Kano,186010972
31500,4,2,1,2009,Lagos,200000000
31600,3,2,0,2008,Lagos,200000000
31700,5,2,1,2013,Kaduna,193749616
31800,2,3,1,2007,Jigawa,182447605
31900,1,1,1,2016,Kaduna,179953579
32000,4,1,1,2011,Jigawa,181068600
32100,4,2,1,2007,Lagos,200000000
32200,5,2,0,2001,Abuja,200000000
32300,2,3,1,2019,Abuja,200000000
32400,3,1,0,2005,Lagos,200000000
32500,2,2,0,1998,Kano,186868162
32600,4,1,1,2003,Kano,190959405
32700,2,2,0,1996,Abuja,200000000
32800,5,1,1,2017,Kano,196186349
32900,3,3,0,2007,Kano,199876989
33000,2,2,1,2007,Kano,195884045
33100,3,1,1,1995,Kano,191937802
33200,1,2,0,2013,Kaduna,189493434
33300,1,1,0,2010,Abuja,200000000
33400,1,1,1,1998,Lagos,200000000
33500,2,1,0,2010,Kano,187505802
33600,3,1,1,2003,Abuja,200000000
33700,4,2,1,2015,Kaduna,200000000
33800,5,2,0,1997,Jigawa,184844910
33900,1,3,1,2020,Lagos,200000000
34000,4,1,0,2003,Abuja,200000000
34100,3,2,0,1999,Jigawa,190087367
34200,1,2,0,2010,Lagos,200000000
34300,3,1,1,2023,Jigawa,193208369
34400,2,2,1,2012,Lagos,200000000
34500,3,1,0,2022,Jigawa,190894764
34600,3,2,0,2007,Abuja,200000000
34700,4,2,0,1999,Jigawa,189220714
34800,1,2,0,2023,Jigawa,188782920
34900,3,1,0,2017,Kaduna,200000000
35000,4,2,0,2001,Kaduna,200000000
35100,3,2,1,2002,Jigawa,191991518
35200,4,2,1,1996,Kano,200000000
35300,2,2,0,2021,Jigawa,195723179
35400,4,1,1,2019,Jigawa,198539067
35500,3,2,0,2007,Lagos,200000000
35600,3,2,0,2008,Kano,200000000
35700,1,2,1,2018,Kano,200000000
35800,5,1,1,2003,Jigawa,199870575
35900,5,3,0,2003,Jigawa,198040866
36000,4,3,0,2013,Kaduna,200000000
36100,4,2,1,2000,Abuja,200000000
36200,1,2,0,2002,Jigawa,193573048
36300,2,1,1,2022,Abuja,200000000
36400,1,1,0,2008,Kaduna,198972516
36500,4,1,1,2007,Lagos,200000000
36600,5,2,1,2014,Lagos,200000000
36700,5,3,1,2008,Lagos,200000000
36800,2,3,1,2008,Abuja,200000000
36900,4,1,0,1995,Kano,200000000
37000,3,2,1,2010,Lagos,200000000
37100,2,2,1,2022,Jigawa,200000000
37200,2,1,0,1997,Jigawa,193700154
37300,3,1,1,2015,Jigawa,200000000
37400,3,2,0,1998,Jigawa,200000000
37500,3,2,1,2023,Abuja,200000000
37600,1,2,0,1997,Abuja,200000000
37700,1,1,0,1997,Kano,200000000
37800,3,1,0,2002,Kano,200000000
37900,4,2,1,2001,Kano,200000000
38000,3,2,0,2013,Kaduna,200000000
38100,1,2,1,2015,Lagos,200000000
38200,4,1,0,2023,Abuja,200000000
38300,3,2,0,2011,Lagos,200000000
38400,3,2,1,2005,Lagos,200000000
38500,4,2,1,2000,Kaduna,200000000
38600,4,2,0,2003,Lagos,200000000
38700,2,2,0,2001,Jigawa,200000000
38800,3,1,0,2004,Lagos,200000000
38900,5,2,1,2007,Jigawa,200000000
39000,3,3,1,2012,Lagos,200000000
39100,5,2,1,2020,Lagos,200000000
39200,4,3,0,2007,Lagos,200000000
39300,1,2,1,2003,Kano,200000000
39400,2,1,1,2011,Kano,200000000
39500,1,1,0,2017,Kano,200000000
39600,5,1,1,2006,Kaduna,200000000
39700,5,3,1,2001,Jigawa,200000000
39800,3,3,1,2006,Kano,200000000
39900,5,2,0,1997,Jigawa,200000000
40000,1,3,0,2008,Kano,200000000
40100,3,1,1,2011,Abuja,200000000
40200,1,2,1,2019,Kaduna,200000000
40300,3,1,0,2009,Kano,200000000
40400,5,2,1,2021,Abuja,200000000
40500,2,3,1,2021,Jigawa,200000000
40600,3,1,0,2021,Lagos,200000000
40700,1,2,0,2023,Jigawa,200000000
40800,4,1,1,2004,Kano,200000000
40900,1,2,0,2009,Abuja,200000000
41000,1,1,1,2012,Kaduna,200000000
41100,2,1,1,2018,Lagos,200000000
41200,3,1,1,2022,Jigawa,200000000
41300,1,2,0,2015,Kano,200000000
41400,3,1,0,2020,Abuja,200000000
41500,2,2,1,2005,Lagos,200000000
41600,2,1,1,1999,Kano,200000000
41700,2,1,0,2002,Kano,200000000
41800,3,1,1,2001,Jigawa,200000000
41900,2,2,1,2011,Jigawa,200000000
42000,1,1,1,2021,Kaduna,200000000
42100,3,1,0,2010,Jigawa,200000000
42200,3,2,1,1995,Lagos,200000000
42300,3,2,1,1995,Kaduna,200000000
42400,3,2,0,2017,Kaduna,200000000
42500,3,2,0,2015,Jigawa,200000000
42600,2,2,1,1999,Kano,200000000
42700,4,1,1,2012,Lagos,200000000
42800,3,2,1,2012,Kano,200000000
42900,4,2,0,2018,Kano,200000000
43000,5,2,0,2010,Kaduna,200000000
43100,5,3,0,2009,Jigawa,200000000
43200,3,3,1,2018,Kano,200000000
43300,1,2,0,2002,Lagos,200000000
43400,5,1,0,2016,Abuja,200000000
43500,3,3,1,2013,Abuja,200000000
43600,2,2,1,2019,Jigawa,200000000
43700,5,1,1,2014,Kano,200000000
43800,1,3,0,2006,Abuja,200000000
43900,5,1,1,2006,Jigawa,200000000
44000,4,3,0,2007,Kaduna,200000000
44100,5,2,0,2015,Kaduna,200000000
44200,2,3,1,2023,Lagos,200000000
44300,3,1,1,2000,Abuja,200000000
44400,5,2,1,2000,Kano,200000000
44500,4,3,0,2022,Abuja,200000000
44600,5,2,1,2010,Kano,200000000
44700,1,3,1,2002,Kano,200000000
44800,4,1,1,2005,Kaduna,200000000
44900,3,2,1,1996,Kano,200000000
45000,3,2,0,2004,Jigawa,200000000
45100,3,2,0,2017,Kaduna,200000000
45200,1,2,1,2009,Lagos,200000000
45300,5,1,0,1995,Jigawa,200000000
45400,1,3,0,2000,Abuja,200000000
45500,2,1,0,2007,Jigawa,200000000
45600,5,1,0,1997,Kaduna,200000000
45700,1,3,1,2018,Kaduna,200000000
45800,5,1,1,1995,Jigawa,200000000
45900,1,3,0,2017,Abuja,200000000
46000,4,1,1,2017,Abuja,200000000
46100,3,2,1,2010,Kaduna,200000000
46200,2,2,1,2012,Abuja,200000000
46300,5,1,1,2013,Kaduna,200000000
46400,1,3,0,2013,Kaduna,200000000
46500,1,1,0,2014,Lagos,200000000
46600,4,1,1,2010,Lagos,200000000
46700,4,2,1,2009,Lagos,200000000
46800,5,2,0,2010,Kaduna,200000000
46900,4,3,1,2022,Kaduna,200000000
47000,1,2,1,1996,Kano,200000000
47100,2,1,0,2005,Kaduna,200000000
47200,2,1,1,2004,Lagos,200000000
47300,5,1,1,2020,Kano,200000000
47400,2,3,1,2003,Lagos,200000000
47500,1,1,1,2004,Kaduna,200000000
47600,3,1,1,2012,Kaduna,200000000
47700,4,2,1,1999,Kaduna,200000000
47800,4,2,0,2021,Abuja,200000000
47900,5,2,1,2007,Jigawa,200000000
48000,4,3,0,2012,Lagos,200000000
48100,2,2,1,2019,Abuja,200000000
48200,2,1,1,2018,Jigawa,200000000
48300,4,1,0,2001,Jigawa,200000000
48400,5,2,1,2015,Lagos,200000000
48500,5,3,0,2001,Kaduna,200000000
48600,5,3,1,2006,Lagos,200000000
48700,5,3,0,2005,Kaduna,200000000
48800,3,3,0,2010,Abuja,200000000
48900,4,2,0,2018,Jigawa,200000000
49000,4,2,0,2001,Jigawa,200000000
49100,2,2,1,2018,Jigawa,200000000
49200,4,1,0,2021,Abuja,200000000
49300,4,2,0,2014,Kano,200000000
49400,4,2,0,2003,Kaduna,200000000
49500,5,2,0,2006,Jigawa,200000000
49600,2,3,0,2020,Lagos,200000000
49700,2,1,0,2013,Kano,200000000
49800,2,1,0,1996,Abuja,200000000
49900,2,1,0,1996,Kano,200000000
50000,5,1,0,1998,Kano,200000000
50100,2,3,1,2011,Abuja,200000000
50200,4,1,1,2004,Jigawa,200000000
50300,1,2,0,2005,Abuja,200000000
50400,4,1,1,2020,Kaduna,200000000
50500,1,2,0,2015,Kaduna,200000000
50600,4,1,0,2020,Lagos,200000000
50700,3,2,1,2008,Abuja,200000000
50800,5,2,1,2006,Abuja,200000000
50900,3,3,1,2009,Kaduna,200000000
51000,3,2,0,1999,Jigawa,200000000
51100,4,2,0,2007,Abuja,200000000
51200,4,2,1,1998,Kaduna,200000000
51300,5,2,1,2001,Jigawa,200000000
51400,5,3,1,2013,Jigawa,200000000
51500,5,3,0,2020,Lagos,200000000
51600,5,3,1,2013,Abuja,200000000
51700,2,3,1,2008,Kano,200000000
51800,1,1,1,2012,Kano,200000000
51900,3,1,1,2018,Kaduna,200000000
52000,1,2,0,1996,Lagos,200000000
52100,4,1,0,2011,Lagos,200000000
52200,1,2,1,2001,Abuja,200000000
52300,5,1,1,2008,Jigawa,200000000
52400,3,3,0,2017,Kaduna,200000000
52500,1,2,0,2014,Kaduna,200000000
52600,4,1,1,2023,Abuja,200000000
52700,1,2,1,2022,Jigawa,200000000
52800,4,1,1,2020,Abuja,200000000
52900,2,2,0,2018,Jigawa,200000000
53000,1,1,1,2010,Abuja,200000000
53100,1,1,0,2012,Lagos,200000000
53200,2,1,0,2014,Abuja,200000000
53300,4,1,1,2005,Kaduna,200000000
53400,3,2,0,2017,Kaduna,200000000
53500,5,2,0,2020,Kaduna,200000000
53600,4,3,0,1998,Abuja,200000000
53700,1,2,1,2005,Lagos,200000000
53800,1,1,0,2019,Jigawa,200000000
53900,3,1,1,2000,Abuja,200000000
54000,4,2,1,2015,Jigawa,200000000
54100,3,2,1,2010,Abuja,200000000
54200,1,2,1,2011,Abuja,200000000
54300,4,1,0,2020,Kaduna,200000000
54400,4,2,0,2014,Lagos,200000000
54500,2,2,0,2000,Lagos,200000000
54600,1,1,1,1997,Kaduna,200000000
54700,5,1,1,2022,Jigawa,200000000
54800,3,3,0,1998,Kano,200000000
54900,1,2,0,2010,Kano,200000000
55000,4,1,1,2016,Abuja,200000000
55100,1,2,1,1995,Lagos,200000000
55200,2,1,1,1998,Lagos,200000000
55300,5,1,0,1997,Lagos,200000000
55400,5,3,0,1999,Abuja,200000000
55500,1,3,1,2009,Abuja,200000000
55600,1,1,1,2004,Kano,200000000
55700,5,1,0,2019,Kaduna,200000000
55800,5,3,0,2011,Kaduna,200000000
55900,2,3,0,2008,Kano,200000000
56000,5,1,1,2016,Jigawa,200000000
56100,3,3,0,2017,Abuja,200000000
56200,2,2,1,2020,Jigawa,200000000
56300,5,1,0,2014,Kano,200000000
56400,5,3,0,2003,Jigawa,200000000
56500,4,3,0,2022,Kaduna,200000000
56600,2,2,1,2014,Abuja,200000000
56700,1,1,1,2007,Kano,200000000
56800,3,1,0,2023,Kano,200000000
56900,2,2,0,2013,Lagos,200000000
57000,4,1,1,2007,Abuja,200000000
57100,4,2,0,2022,Abuja,200000000
57200,4,2,0,2002,Kano,200000000
57300,5,2,1,2005,Jigawa,200000000
57400,4,3,0,2002,Abuja,200000000
57500,2,2,1,2010,Abuja,200000000
57600,1,1,0,2019,Kano,200000000
57700,5,1,0,2022,Kaduna,200000000
57800,4,3,1,2015,Abuja,200000000
57900,2,2,1,2001,Kano,200000000
58000,1,1,1,2018,Lagos,200000000
58100,1,1,0,2014,Kaduna,200000000
58200,4,1,0,2006,Kaduna,200000000
58300,4,2,1,2012,Abuja,200000000
58400,2,2,1,2003,Jigawa,200000000
58500,5,1,0,2005,Kano,200000000
58600,2,3,0,2006,Kano,200000000
58700,1,1,0,2019,Jigawa,200000000
58800,5,1,0,2018,Jigawa,200000000
58900,2,3,1,2014,Kaduna,200000000
59000,4,1,0,2006,Kaduna,200000000
59100,2,2,1,2016,Jigawa,200000000
59200,2,1,1,2013,Lagos,200000000
59300,5,1,1,2019,Lagos,200000000
59400,5,3,1,1996,Abuja,200000000
59500,5,3,1,2009,Kano,200000000
59600,5,3,1,1997,Kaduna,200000000
59700,4,3,0,2012,Kano,200000000
59800,5,2,0,2006,Jigawa,200000000
59900,1,3,1,2002,Abuja,200000000
60000,4,1,0,2003,Lagos,200000000
60100,1,2,1,2017,Kano,200000000
60200,3,1,1,1998,Kaduna,200000000
60300,2,2,0,2015,Kaduna,200000000
60400,4,1,0,2022,Lagos,200000000
60500,1,2,0,2020,Kaduna,200000000
60600,5,1,0,2017,Kaduna,200000000
60700,4,3,1,2019,Lagos,200000000
60800,3,2,0,1997,Jigawa,200000000
60900,4,2,0,2011,Abuja,200000000
61000,4,2,1,2020,Lagos,200000000
61100,5,2,0,1995,Kaduna,200000000
61200,3,3,1,2000,Kaduna,200000000
61300,1,2,1,2009,Jigawa,200000000
61400,4,1,1,2021,Lagos,200000000
61500,3,2,0,2015,Abuja,200000000
61600,3,2,0,1997,Kano,200000000
61700,2,2,1,2011,Kaduna,200000000
61800,3,1,1,2022,Abuja,200000000
61900,5,2,0,2019,Jigawa,200000000
62000,5,3,0,2014,Kaduna,200000000
62100,1,3,0,2018,Jigawa,200000000
62200,2,1,0,2022,Jigawa,200000000
62300,1,1,1,2010,Kano,200000000
62400,4,1,1,2001,Lagos,200000000
62500,3,2,1,1999,Kano,200000000
62600,4,2,1,2006,Jigawa,200000000
62700,4,2,1,2005,Kano,200000000
62800,2,2,1,2019,Lagos,200000000
62900,1,1,0,2003,Jigawa,200000000
63000,2,1,1,2015,Kaduna,200000000
63100,5,1,0,2003,Abuja,200000000
63200,1,3,0,2002,Abuja,200000000
63300,1,1,1,1996,Abuja,200000000
63400,2,1,0,2023,Jigawa,200000000
63500,3,1,0,2023,Jigawa,200000000
63600,1,2,1,2000,Kano,200000000
63700,4,1,0,2011,Lagos,200000000
63800,5,2,1,2014,Lagos,200000000
63900,1,3,1,2014,Abuja,200000000
64000,4,1,0,2001,Jigawa,200000000
64100,5,2,0,2016,Kaduna,200000000
64200,2,3,1,2022,Kano,200000000
64300,5,1,0,2017,Jigawa,200000000
64400,3,3,1,2006,Kaduna,200000000
64500,2,2,0,2015,Jigawa,200000000
64600,5,1,1,2010,Lagos,200000000
64700,2,3,1,2011,Lagos,200000000
64800,4,1,0,2013,Abuja,200000000
64900,5,2,0,2014,Lagos,200000000
65000,5,3,0,2001,Kaduna,200000000
65100,4,3,1,2005,Lagos,200000000
65200,1,2,0,2019,Kaduna,200000000
65300,5,1,0,2023,Kano,200000000
65400,4,3,0,2019,Kano,200000000
65500,4,2,0,1997,Kano,200000000
65600,4,2,1,2007,Jigawa,200000000
65700,3,2,1,2018,Abuja,200000000
65800,2,2,0,2006,Abuja,200000000
65900,2,1,0,2007,Lagos,200000000
66000,1,1,1,2013,Kano,200000000
66100,3,1,0,2019,Abuja,200000000
66200,4,2,0,2015,Kaduna,200000000
66300,3,2,0,1995,Jigawa,200000000
66400,3,2,1,2009,Jigawa,200000000
66500,3,2,0,2000,Jigawa,200000000
66600,3,2,0,2013,Kano,200000000
66700,2,2,1,1997,Lagos,200000000
66800,3,1,0,2010,Abuja,200000000
66900,5,2,0,1998,Jigawa,200000000
67000,3,3,1,2001,Kano,200000000
67100,5,2,0,2007,Lagos,200000000
67200,4,3,0,2001,Lagos,200000000
67300,1,2,0,2020,Lagos,200000000
67400,4,1,0,2020,Kaduna,200000000
67500,4,2,0,2015,Kaduna,200000000
67600,2,2,1,2006,Jigawa,200000000
67700,2,1,1,2009,Jigawa,200000000
67800,3,1,1,2002,Kaduna,200000000
67900,5,2,1,2017,Abuja,200000000
68000,5,3,1,2015,Lagos,200000000
68100,1,3,1,2008,Jigawa,200000000
68200,2,1,1,1996,Kaduna,200000000
68300,3,1,0,1999,Kaduna,200000000
68400,5,2,0,2023,Kaduna,200000000
68500,2,3,1,1998,Jigawa,200000000
68600,4,1,0,2000,Kaduna,200000000
68700,3,2,1,2003,Abuja,200000000
68800,3,2,0,2005,Lagos,200000000
68900,1,2,1,2014,Kano,200000000
69000,1,1,0,2021,Kaduna,200000000
69100,5,1,1,2003,Abuja,200000000
69200,4,3,0,1995,Lagos,200000000
69300,1,2,0,2018,Kaduna,200000000
69400,4,1,0,2022,Abuja,200000000
69500,4,2,0,2006,Kaduna,200000000
69600,2,2,0,1999,Abuja,200000000
69700,1,1,1,1998,Kano,200000000
69800,2,1,1,2006,Kano,200000000
69900,2,1,1,2013,Kaduna,200000000
70000,3,1,1,2013,Kaduna,200000000
70100,3,2,1,2021,Kano,200000000
70200,2,2,0,2023,Jigawa,200000000
70300,2,1,1,2001,Abuja,200000000
70400,2,1,0,2001,Lagos,200000000
70500,2,1,0,2010,Kaduna,200000000
70600,4,1,0,2011,Kaduna,200000000
70700,4,2,1,2014,Lagos,200000000
70800,5,2,0,2012,Kano,200000000
70900,2,3,1,2003,Kano,200000000
71000,2,1,0,2020,Lagos,200000000
71100,5,1,0,2006,Jigawa,200000000
71200,5,3,0,2006,Kano,200000000
71300,1,3,1,2001,Kaduna,200000000
71400,5,1,0,2021,Lagos,200000000
71500,4,3,1,2001,Abuja,200000000
71600,4,2,0,2014,Kaduna,200000000
71700,3,2,0,2011,Jigawa,200000000
71800,4,2,0,2018,Jigawa,200000000
71900,1,2,1,1998,Lagos,200000000
72000,4,1,1,2009,Jigawa,200000000
72100,2,2,1,2002,Jigawa,200000000
72200,3,1,0,2006,Kano,200000000
72300,5,2,1,1998,Abuja,200000000
72400,4,3,1,2010,Kano,200000000
72500,4,2,0,2022,Abuja,200000000
72600,5,2,1,2013,Lagos,200000000
72700,3,3,0,2014,Jigawa,200000000
72800,1,2,1,2019,Lagos,200000000
72900,2,1,0,2008,Abuja,200000000
73000,2,1,1,2021,Lagos,200000000
73100,1,1,1,2021,Jigawa,200000000
73200,4,1,1,2008,Abuja,200000000
73300,1,2,1,2012,Jigawa,200000000
73400,4,1,0,2003,Jigawa,200000000
73500,2,2,0,1999,Jigawa,200000000
73600,5,1,0,2006,Jigawa,200000000
73700,3,3,0,2021,Kano,200000000
73800,5,2,1,2023,Kaduna,200000000
73900,3,3,0,2000,Kaduna,200000000
74000,3,2,0,1997,Lagos,200000000
74100,5,2,0,1997,Kano,200000000
74200,4,3,1,2018,Lagos,200000000
74300,4,2,1,1999,Kaduna,200000000
74400,3,2,1,2014,Kaduna,200000000
74500,1,2,1,1995,Lagos,200000000
74600,2,1,0,2006,Lagos,200000000
74700,2,1,1,2002,Lagos,200000000
74800,2,1,0,2006,Kaduna,200000000
74900,2,1,1,2016,Jigawa,200000000
75000,3,1,1,2009,Abuja,200000000
75100,3,2,0,1996,Jigawa,200000000
75200,1,2,0,2011,Lagos,200000000
75300,2,1,0,2022,Lagos,200000000
75400,3,1,1,2014,Kaduna,200000000
75500,3,2,1,2013,Jigawa,200000000
75600,5,2,1,1995,Kaduna,200000000
75700,2,3,0,2005,Kano,200000000
75800,5,1,0,2004,Abuja,200000000
75900,1,3,1,2011,Kaduna,200000000
76000,3,1,0,2007,Kano,200000000
76100,2,2,0,1997,Kaduna,200000000
76200,1,1,1,2016,Lagos,200000000
76300,2,1,0,1997,Kano,200000000
76400,4,1,1,2018,Abuja,200000000
76500,2,2,1,2007,Abuja,200000000
76600,2,1,1,1999,Abuja,200000000
76700,3,1,1,2005,Kano,200000000
76800,3,2,1,2006,Kano,200000000
76900,2,2,0,2014,Kaduna,200000000
77000,2,1,1,1996,Jigawa,200000000
77100,4,1,1,2023,Jigawa,200000000
77200,5,2,0,1997,Lagos,200000000
77300,3,3,0,2019,Kaduna,200000000
77400,2,2,0,2005,Kaduna,200000000
77500,5,1,1,2009,Abuja,200000000
77600,1,3,0,2022,Jigawa,200000000
77700,3,1,1,2003,Abuja,200000000
77800,2,2,0,2017,Lagos,200000000
77900,5,1,0,2006,Abuja,200000000
78000,5,3,1,2013,Jigawa,200000000
78100,1,3,0,2022,Kaduna,200000000
78200,1,1,0,2013,Kaduna,200000000
78300,3,1,0,1995,Lagos,200000000
78400,2,2,0,2002,Lagos,200000000
78500,5,1,0,1996,Lagos,200000000
78600,5,3,0,1996,Jigawa,200000000
78700,2,3,0,2019,Kaduna,200000000
78800,2,1,0,2009,Jigawa,200000000
78900,2,1,0,1996,Jigawa,200000000
79000,1,1,1,2022,Kano,200000000
79100,2,1,1,2010,Jigawa,200000000
79200,1,1,0,2003,Jigawa,200000000
79300,3,1,0,2022,Kaduna,200000000
79400,2,2,0,1997,Abuja,200000000
79500,5,1,1,2005,Jigawa,200000000
79600,5,3,1,1996,Abuja,200000000
79700,2,3,1,2019,Jigawa,200000000
79800,4,1,1,1996,Kaduna,200000000
79900,4,2,1,2017,Abuja,200000000
80000,2,2,0,2001,Abuja,200000000
80100,5,1,0,2019,Lagos,200000000
80200,3,3,1,2023,Abuja,200000000
80300,1,2,0,2022,Kano,200000000
80400,4,1,0,2020,Jigawa,200000000
80500,5,2,1,2015,Kano,200000000
80600,2,3,1,2004,Kano,200000000
80700,3,1,1,2012,Abuja,200000000
80800,2,2,1,2016,Kano,200000000
80900,5,1,0,2016,Jigawa,200000000
81000,3,3,1,2007,Kaduna,200000000
81100,3,2,0,2001,Kano,200000000
81200,5,2,1,2017,Kaduna,200000000
81300,5,3,0,2016,Kaduna,200000000
81400,2,3,1,1997,Lagos,200000000
81500,3,1,0,2023,Kano,200000000
81600,5,2,1,2016,Kano,200000000
81700,5,3,0,2014,Jigawa,200000000
81800,5,3,0,2014,Lagos,200000000
81900,3,3,1,2002,Abuja,200000000
82000,3,2,1,2004,Abuja,200000000
82100,1,2,0,2009,Kano,200000000
82200,5,1,0,2005,Kano,200000000
82300,3,3,0,2009,Kaduna,200000000
82400,2,2,0,2023,Lagos,200000000
82500,2,1,1,1996,Abuja,200000000
82600,5,1,0,2004,Kaduna,200000000
82700,1,3,0,2011,Abuja,200000000
82800,3,1,1,2006,Kaduna,200000000
82900,4,2,1,2022,Kano,200000000
83000,5,2,1,2019,Lagos,200000000
83100,2,3,0,2017,Abuja,200000000
83200,5,1,1,2000,Kano,200000000
83300,5,3,0,2001,Lagos,200000000
83400,3,3,1,2006,Abuja,200000000
83500,4,2,1,1999,Kano,200000000
83600,5,2,0,2012,Abuja,200000000
83700,3,3,0,2022,Abuja,200000000
83800,2,2,0,2003,Lagos,200000000
83900,1,1,0,2004,Jigawa,200000000
84000,5,1,1,1999,Abuja,200000000
84100,2,3,1,2006,Kaduna,200000000
84200,1,1,1,2008,Jigawa,200000000
84300,5,1,0,2023,Lagos,200000000
84400,2,3,0,1996,Abuja,200000000
84500,1,1,1,2006,Abuja,200000000
84600,1,1,0,2020,Lagos,200000000
84700,1,1,0,2004,Lagos,200000000
84800,5,1,0,2022,Lagos,200000000
84900,1,3,0,2010,Lagos,200000000
85000,3,1,0,2022,Lagos,200000000
85100,4,2,0,2019,Kano,200000000
85200,5,2,0,2005,Kaduna,200000000
85300,1,3,1,2006,Lagos,200000000
85400,3,1,1,2013,Lagos,200000000
85500,3,2,0,1995,Abuja,200000000
85600,5,2,0,2003,Kano,200000000
85700,1,3,1,2016,Kano,200000000
85800,4,1,0,2021,Lagos,200000000
85900,2,2,0,1996,Abuja,200000000
86000,3,1,1,2023,Jigawa,200000000
86100,2,2,0,2000,Kaduna,200000000
86200,1,1,1,2023,Kaduna,200000000
86300,5,1,1,2006,Kaduna,200000000
86400,3,3,0,2018,Kaduna,200000000
86500,5,2,0,2012,Kaduna,200000000
86600,2,3,1,2007,Abuja,200000000
86700,2,1,0,2005,Jigawa,200000000
86800,1,1,1,2006,Jigawa,200000000
86900,3,1,0,2021,Lagos,200000000
87000,1,2,1,2022,Kano,200000000
87100,5,1,1,1996,Kaduna,200000000
87200,1,3,1,2016,Abuja,200000000
87300,1,1,0,2023,Kano,200000000
87400,5,1,0,1999,Jigawa,200000000
87500,4,3,0,1999,Jigawa,200000000
87600,1,2,1,1995,Lagos,200000000
87700,2,1,1,1995,Lagos,200000000
87800,3,1,0,2016,Lagos,200000000
87900,4,2,1,2018,Abuja,200000000
88000,1,2,0,2012,Lagos,200000000
88100,3,1,1,2012,Kano,200000000
88200,5,2,1,2006,Kaduna,200000000
88300,4,3,0,2001,Jigawa,200000000
88400,4,2,1,2005,Jigawa,200000000
88500,3,2,1,2022,Kano,200000000
88600,4,2,1,2004,Kano,200000000
88700,1,2,0,1997,Kaduna,200000000
88800,1,1,0,1995,Kaduna,200000000
88900,3,1,0,1996,Lagos,200000000
89000,1,2,1,2000,Jigawa,200000000
89100,3,1,1,2015,Kano,200000000
89200,1,2,1,2014,Abuja,200000000
89300,1,1,1,2000,Jigawa,200000000
89400,2,1,0,1996,Abuja,200000000
89500,1,1,0,2009,Abuja,200000000
89600,1,1,0,2019,Kaduna,200000000
89700,2,1,0,2014,Kaduna,200000000
89800,3,1,0,2019,Kaduna,200000000
89900,5,2,1,2021,Kano,200000000
90000,2,3,1,2014,Kaduna,200000000
90100,5,1,0,2006,Jigawa,200000000
90200,3,3,1,2020,Kaduna,200000000
90300,1,2,1,2005,Kano,200000000
90400,3,1,0,2015,Kano,200000000
90500,4,2,1,2017,Abuja,200000000
90600,3,2,0,2013,Lagos,200000000
90700,1,2,0,2009,Jigawa,200000000
90800,3,1,1,2012,Kaduna,200000000
90900,3,2,0,2018,Jigawa,200000000
91000,3,2,1,1998,Abuja,200000000
91100,3,2,0,2014,Kano,200000000
91200,3,2,1,2006,Kano,200000000
91300,1,2,0,2015,Jigawa,200000000
91400,5,1,1,2022,Jigawa,200000000
91500,4,3,1,2006,Jigawa,200000000
91600,4,2,1,2001,Kaduna,200000000
91700,5,2,0,2015,Kano,200000000
91800,1,3,0,1998,Jigawa,200000000
91900,3,1,1,2018,Kaduna,200000000
92000,1,2,0,2015,Kaduna,200000000
92100,4,1,0,2021,Abuja,200000000
92200,2,2,1,2008,Kaduna,200000000
92300,5,1,0,1997,Abuja,200000000
92400,2,3,0,2009,Jigawa,200000000
92500,1,1,0,2022,Abuja,200000000
92600,2,1,1,1996,Lagos,200000000
92700,3,1,0,2020,Kano,200000000
92800,4,2,1,1999,Kaduna,200000000
92900,5,2,1,1996,Kano,200000000
93000,3,3,0,2021,Kaduna,200000000
93100,1,2,0,2013,Kano,200000000
93200,3,1,0,2007,Abuja,200000000
93300,5,2,1,2000,Abuja,200000000
93400,5,3,1,2015,Jigawa,200000000
93500,5,3,0,1998,Kaduna,200000000
93600,3,3,0,1999,Kaduna,200000000
93700,4,2,1,2012,Lagos,200000000
93800,5,2,1,2007,Kaduna,200000000
93900,3,3,1,2001,Kano,200000000
94000,4,2,0,2011,Kaduna,200000000
94100,2,2,1,2005,Jigawa,200000000
94200,4,1,1,2001,Abuja,200000000
94300,4,2,1,2021,Abuja,200000000
94400,4,2,1,2012,Jigawa,200000000
94500,3,2,1,2010,Kano,200000000
94600,4,2,0,2018,Kano,200000000
94700,1,2,1,2018,Kaduna,200000000
94800,3,1,1,1998,Lagos,200000000
94900,5,2,0,2007,Abuja,200000000
95000,5,3,1,2002,Jigawa,200000000
95100,1,3,0,2003,Kano,200000000
95200,3,1,1,2023,Jigawa,200000000
95300,1,2,1,2013,Kaduna,200000000
95400,3,1,0,2002,Jigawa,200000000
95500,3,2,1,2015,Jigawa,200000000
95600,4,2,0,2010,Jigawa,200000000
95700,5,2,1,2016,Abuja,200000000
95800,4,3,0,2006,Kaduna,200000000
95900,2,2,0,1995,Jigawa,200000000
96000,4,1,0,2019,Abuja,200000000
96100,1,2,0,2013,Lagos,200000000
96200,3,1,0,2004,Lagos,200000000
96300,3,2,1,2023,Kaduna,200000000
96400,2,2,1,2023,Lagos,200000000
96500,3,1,0,2002,Kano,200000000
96600,3,2,0,2019,Lagos,200000000
96700,5,2,0,2012,Jigawa,200000000
96800,2,3,0,2002,Lagos,200000000
96900,4,1,0,2009,Abuja,200000000
97000,1,2,1,2023,Jigawa,200000000
97100,2,1,0,2014,Abuja,200000000
97200,3,1,0,2022,Kano,200000000
97300,3,2,0,2001,Jigawa,200000000
97400,5,2,1,2006,Abuja,200000000
97500,3,3,0,2014,Kaduna,200000000
97600,1,2,0,1996,Kano,200000000
97700,5,1,0,2012,Jigawa,200000000
97800,1,3,1,2018,Abuja,200000000
97900,1,1,0,2015,Abuja,200000000
98000,4,1,1,2001,Kaduna,200000000
98100,4,2,0,2006,Kaduna,200000000
98200,3,2,0,2019,Kano,200000000
98300,2,2,1,1997,Kano,200000000
98400,2,1,0,2014,Jigawa,200000000
98500,2,1,0,2018,Jigawa,200000000
98600,1,1,1,1998,Lagos,200000000
98700,3,1,1,2008,Jigawa,200000000
98800,3,2,1,2021,Abuja,200000000
98900,2,2,0,2023,Jigawa,200000000
99000,2,1,0,2000,Kaduna,200000000
99100,3,1,1,1995,Abuja,200000000
99200,5,2,1,1996,Kaduna,200000000
99300,5,3,0,1997,Abuja,200000000
99400,3,3,1,2009,Jigawa,200000000
99500,5,2,0,2004,Kaduna,200000000
99600,2,3,0,1997,Kano,200000000
99700,1,1,1,2013,Lagos,200000000
99800,4,1,1,1999,Kano,200000000
99900,5,2,1,2008,Lagos,200000000
100000,5,3,1,1995,Jigawa,200000000
100100,3,3,0,2006,Lagos,200000000
100200,4,2,0,1996,Kaduna,200000000
100300,5,2,0,2001,Kaduna,200000000
100400,4,3,0,2021,Kano,200000000
100500,1,2,0,1997,Kaduna,200000000
100600,3,1,0,1995,Abuja,200000000
100700,2,2,0,2017,Kano,200000000
100800,1,1,1,2006,Jigawa,200000000
100900,3,1,0,1999,Jigawa,200000000
101000,1,2,1,1998,Kaduna,200000000
101100,1,1,1,2022,Abuja,200000000
101200,1,1,1,2023,Abuja,200000000
101300,4,1,0,2011,Kaduna,200000000
101400,4,2,0,1998,Kaduna,200000000
101500,2,2,0,2021,Kano,200000000
101600,3,1,0,2016,Lagos,200000000
101700,3,2,0,2002,Kaduna,200000000
101800,1,2,1,2001,Abuja,200000000
101900,5,1,1,2018,Kaduna,200000000
102000,2,3,1,1995,Abuja,200000000
102100,1,1,0,2022,Lagos,200000000
102200,3,1,0,2007,Lagos,200000000
102300,4,2,0,2015,Lagos,200000000
102400,4,2,0,1999,Jigawa,200000000
102500,2,2,1,2002,Kano,200000000
102600,3,1,0,2021,Abuja,200000000
102700,3,2,0,2013,Kano,200000000
102800,5,2,0,1995,Abuja,200000000
102900,4,3,1,2004,Kaduna,200000000
103000,1,2,0,2006,Abuja,200000000
103100,2,1,1,2015,Lagos,200000000
103200,4,1,0,2002,Abuja,200000000
103300,2,2,0,2004,Abuja,200000000
103400,3,1,1,2009,Lagos,200000000
103500,1,2,0,2015,Lagos,200000000
103600,3,1,0,2023,Kano,200000000
103700,5,2,1,2003,Abuja,200000000
103800,1,3,0,1998,Kano,200000000
103900,1,1,0,2018,Jigawa,200000000
104000,4,1,1,2006,Kaduna,200000000
104100,3,2,0,2020,Lagos,200000000
104200,3,2,1,2001,Jigawa,200000000
104300,2,2,1,2021,Jigawa,200000000
104400,2,1,0,2002,Lagos,200000000
104500,1,1,1,2011,Kaduna,200000000
104600,3,1,0,2023,Lagos,200000000
104700,3,2,0,1998,Abuja,200000000
104800,4,2,1,2021,Lagos,200000000
104900,4,2,0,2016,Kaduna,200000000
105000,4,2,0,2022,Lagos,200000000
105100,3,2,0,2012,Kano,200000000
105200,1,2,0,1996,Kaduna,200000000
105300,3,1,0,2006,Abuja,200000000
105400,4,2,0,2008,Jigawa,200000000
105500,4,2,0,2022,Jigawa,200000000
105600,1,2,1,2006,Abuja,200000000
105700,5,1,1,1995,Jigawa,200000000
105800,2,3,0,2002,Abuja,200000000
105900,3,1,0,2000,Kaduna,200000000
106000,2,2,0,2000,Abuja,200000000
106100,2,1,1,1996,Abuja,200000000
106200,2,1,1,2022,Kaduna,200000000
106300,5,1,0,2004,Jigawa,200000000
106400,4,3,0,2017,Jigawa,200000000
106500,2,2,0,2022,Lagos,200000000
106600,1,1,0,2018,Kano,200000000
106700,5,1,0,2017,Abuja,200000000
106800,1,3,0,2021,Kaduna,200000000
106900,4,1,1,2018,Kaduna,200000000
107000,3,2,1,2016,Lagos,200000000
107100,1,2,0,2010,Abuja,200000000
107200,1,1,1,2007,Lagos,200000000
107300,4,1,1,2011,Lagos,200000000
107400,5,2,0,2021,Abuja,200000000
107500,5,3,0,2018,Kano,200000000
107600,2,3,1,2009,Lagos,200000000
107700,5,1,0,2019,Lagos,200000000
107800,1,3,0,2021,Kano,200000000
107900,1,1,0,1998,Kaduna,200000000
108000,3,1,1,2019,Abuja,200000000
108100,5,2,1,2013,Lagos,200000000
108200,1,3,1,2012,Kano,200000000
108300,4,1,1,2007,Abuja,200000000
108400,5,2,1,2002,Jigawa,200000000
108500,5,3,0,2005,Lagos,200000000
108600,4,3,0,1995,Abuja,200000000
108700,4,2,0,2018,Jigawa,200000000
108800,3,2,0,2001,Lagos,200000000
108900,5,2,1,2006,Lagos,200000000
109000,5,3,1,2019,Lagos,200000000
109100,1,3,0,2001,Kano,200000000
109200,3,1,0,2016,Kaduna,200000000
109300,2,2,0,2007,Abuja,200000000
109400,3,1,1,2014,Jigawa,200000000
109500,2,2,1,2010,Lagos,200000000
109600,5,1,0,2014,Lagos,200000000
109700,4,3,1,1998,Abuja,200000000
109800,2,2,1,1996,Kano,200000000
109900,1,1,0,2020,Jigawa,200000000
110000,5,1,0,2014,Kaduna,200000000
110100,5,3,0,2020,Lagos,200000000
110200,1,3,1,2015,Kano,200000000
110300,5,1,0,2008,Abuja,200000000
110400,3,3,1,2020,Kaduna,200000000
110500,5,2,0,1995,Kaduna,200000000
110600,4,3,1,2003,Jigawa,200000000
110700,5,2,0,2002,Lagos,200000000
110800,2,3,0,1998,Lagos,200000000
110900,2,1,0,2002,Abuja,200000000
111000,2,1,0,2021,Kaduna,200000000
111100,3,1,1,2023,Abuja,200000000
111200,2,2,0,1999,Lagos,200000000
111300,3,1,1,2013,Abuja,200000000
111400,4,2,0,2007,Kaduna,200000000
111500,1,2,0,1996,Kaduna,200000000
111600,1,1,0,2011,Abuja,200000000
111700,1,1,0,1996,Abuja,200000000
111800,5,1,0,2015,Kaduna,200000000
111900,5,3,0,2005,Kaduna,200000000
112000,4,3,1,2001,Kaduna,200000000
112100,5,2,0,1996,Lagos,200000000
112200,1,3,0,2017,Lagos,200000000
112300,2,1,1,2001,Kano,200000000
112400,3,1,0,2009,Jigawa,200000000
112500,4,2,1,2007,Kano,200000000
112600,4,2,0,2008,Jigawa,200000000
112700,1,2,0,1998,Lagos,200000000
112800,1,1,0,2006,Jigawa,200000000
112900,1,1,1,2010,Lagos,200000000
113000,5,1,0,2003,Jigawa,200000000
113100,4,3,0,1996,Kaduna,200000000
113200,2,2,1,2003,Kano,200000000
113300,1,1,1,2018,Lagos,200000000
113400,2,1,1,2009,Kano,200000000
113500,3,1,1,2009,Jigawa,200000000
113600,2,2,1,1997,Lagos,200000000
113700,1,1,1,2006,Kano,200000000
113800,3,1,1,2019,Kano,200000000
113900,2,2,1,2010,Kaduna,200000000
114000,2,1,1,2008,Kano,200000000
114100,5,1,1,2019,Kano,200000000
114200,1,3,1,2004,Jigawa,200000000
114300,5,1,0,2022,Kano,200000000
114400,1,3,1,2002,Kaduna,200000000
114500,4,1,1,2005,Jigawa,200000000
114600,1,2,1,1998,Abuja,200000000
114700,2,1,0,2014,Abuja,200000000
114800,5,1,1,2001,Jigawa,200000000
114900,3,3,0,1999,Kano,200000000
115000,1,2,0,2002,Jigawa,200000000
115100,3,1,0,2007,Jigawa,200000000
115200,2,2,0,2004,Jigawa,200000000
115300,1,1,0,2017,Kaduna,200000000
115400,5,1,1,1999,Kaduna,200000000
115500,3,3,0,2013,Abuja,200000000
115600,4,2,0,2000,Jigawa,200000000
115700,1,2,0,2022,Kaduna,200000000
115800,4,1,0,2016,Lagos,200000000
115900,4,2,0,2008,Kano,200000000
116000,2,2,0,2022,Lagos,200000000
116100,5,1,0,2003,Kano,200000000
116200,1,3,0,2017,Jigawa,200000000
116300,1,1,0,2009,Kano,200000000
116400,1,1,1,2000,Kano,200000000
116500,5,1,1,2009,Lagos,200000000
116600,2,3,0,1999,Abuja,200000000
116700,3,1,0,2002,Kano,200000000
116800,4,2,0,2014,Kano,200000000
116900,2,2,0,2006,Kano,200000000
117000,4,1,0,2018,Lagos,200000000
117100,5,2,0,2002,Kaduna,200000000
117200,4,3,1,2002,Jigawa,200000000
117300,5,2,1,2020,Lagos,200000000
117400,4,3,1,2004,Abuja,200000000
117500,2,2,0,2007,Abuja,200000000
117600,5,1,0,2010,Jigawa,200000000
117700,2,3,1,1999,Kaduna,200000000
117800,5,1,0,2004,Lagos,200000000
117900,4,3,1,2008,Kano,200000000
118000,3,2,0,2005,Kaduna,200000000
118100,3,2,1,2017,Kano,200000000
118200,5,2,0,2019,Jigawa,200000000
118300,4,3,1,1995,Kano,200000000
118400,3,2,1,2023,Kaduna,200000000
118500,4,2,0,2001,Kano,200000000
118600,2,2,0,2007,Abuja,200000000
118700,2,1,1,2015,Kaduna,200000000
118800,2,1,0,1995,Abuja,200000000
118900,3,1,0,2023,Kaduna,200000000
119000,5,2,1,2008,Abuja,200000000
119100,5,3,0,2011,Kaduna,200000000
119200,3,3,0,2013,Kano,200000000
119300,5,2,0,1996,Abuja,200000000
119400,2,3,1,2008,Abuja,200000000
119500,1,1,1,2007,Jigawa,200000000
119600,3,1,0,2019,Kaduna,200000000
119700,5,2,1,2014,Kaduna,200000000
119800,2,3,1,2014,Kaduna,200000000
119900,4,1,1,1997,Kano,200000000
120000,5,2,0,2022,Kaduna,200000000
120100,5,3,0,2016,Lagos,200000000
120200,4,3,0,2005,Jigawa,200000000
120300,4,2,1,2017,Kaduna,200000000
120400,5,2,0,2006,Lagos,200000000
120500,2,3,1,1995,Kano,200000000
120600,2,1,1,2007,Jigawa,200000000
120700,4,1,0,1997,Kaduna,200000000
120800,2,2,0,2008,Kano,200000000
120900,3,1,0,1996,Kano,200000000
121000,1,2,1,2023,Jigawa,200000000
121100,3,1,0,2006,Abuja,200000000
121200,3,2,0,2022,Kaduna,200000000
121300,3,2,1,2010,Abuja,200000000
121400,1,2,1,2016,Lagos,200000000
121500,3,1,1,2015,Jigawa,200000000
121600,3,2,1,2001,Abuja,200000000
121700,4,2,0,1997,Lagos,200000000
121800,4,2,1,2015,Jigawa,200000000
121900,4,2,0,1999,Abuja,200000000
122000,1,2,1,2023,Lagos,200000000
122100,5,1,0,2013,Kano,200000000
122200,2,3,0,2005,Jigawa,200000000
122300,3,1,0,1998,Kano,200000000
122400,2,2,1,2021,Jigawa,200000000
122500,4,1,1,2015,Lagos,200000000
122600,5,2,0,2015,Kaduna,200000000
122700,4,3,0,1995,Kano,200000000
122800,1,2,0,2021,Lagos,200000000
122900,4,1,0,2020,Jigawa,200000000
123000,1,2,0,2004,Abuja,200000000
123100,1,1,1,2009,Abuja,200000000
123200,1,1,1,2009,Jigawa,200000000
123300,5,1,1,1997,Kaduna,200000000
123400,3,3,1,2023,Kano,200000000
123500,1,2,0,1995,Kaduna,200000000
123600,4,1,0,1998,Kano,200000000
123700,4,2,0,2018,Jigawa,200000000
123800,3,2,1,1998,Jigawa,200000000
123900,5,2,0,2004,Kaduna,200000000
124000,3,3,1,2021,Kaduna,200000000
124100,2,2,1,2001,Lagos,200000000
124200,1,1,0,1998,Jigawa,200000000
124300,3,1,1,1997,Kano,200000000
124400,3,2,0,2014,Abuja,200000000
124500,1,2,0,2007,Kaduna,200000000
124600,3,1,0,2019,Kano,200000000
124700,2,2,0,2013,Kaduna,200000000
124800,3,1,0,1996,Lagos,200000000
124900,1,2,1,1997,Kano,200000000
125000,1,1,1,2000,Kaduna,200000000
125100,2,1,1,2004,Kaduna,200000000
125200,3,1,0,2019,Kaduna,200000000
125300,2,2,0,2014,Lagos,200000000
125400,1,1,0,1997,Kano,200000000
125500,2,1,1,2003,Lagos,200000000
125600,4,1,1,2013,Abuja,200000000
125700,4,2,0,2011,Jigawa,200000000
125800,4,2,1,2004,Jigawa,200000000
125900,4,2,1,2000,Kaduna,200000000
126000,5,2,1,2004,Abuja,200000000
126100,1,3,1,2017,Abuja,200000000
126200,3,1,0,2010,Kano,200000000
126300,2,2,1,2020,Lagos,200000000
126400,4,1,0,2020,Jigawa,200000000
126500,2,2,1,2017,Kano,200000000
126600,2,1,1,2014,Kaduna,200000000
126700,3,1,1,2013,Abuja,200000000
126800,1,2,0,2015,Kaduna,200000000
126900,3,1,1,2000,Kano,200000000
127000,2,2,1,1997,Lagos,200000000
127100,5,1,1,2006,Kaduna,200000000
127200,3,3,0,2015,Kaduna,200000000
127300,1,2,1,2019,Jigawa,200000000
127400,4,1,0,2013,Jigawa,200000000
127500,5,2,1,1998,Lagos,200000000
127600,1,3,1,2020,Kaduna,200000000
127700,1,1,0,2010,Kaduna,200000000
127800,5,1,0,2000,Kano,200000000
127900,4,3,1,2020,Lagos,200000000
128000,5,2,1,2006,Jigawa,200000000
128100,2,3,1,1995,Abuja,200000000
128200,2,1,1,2017,Lagos,200000000
128300,2,1,1,2001,Kano,200000000
128400,3,1,1,2009,Kano,200000000
128500,4,2,0,2004,Abuja,200000000
128600,5,2,0,2005,Lagos,200000000
128700,2,3,0,2001,Kano,200000000
128800,3,1,0,1995,Lagos,200000000
128900,3,2,0,2018,Abuja,200000000
129000,2,2,1,1996,Abuja,200000000
129100,3,1,0,2004,Kaduna,200000000
129200,2,2,1,2006,Jigawa,200000000
129300,3,1,1,1999,Lagos,200000000
129400,1,2,1,2014,Jigawa,200000000
129500,5,1,1,2022,Lagos,200000000
129600,4,3,1,2004,Jigawa,200000000
129700,2,2,0,1998,Jigawa,200000000
129800,2,1,1,2021,Kaduna,200000000
129900,4,1,1,2020,Jigawa,200000000
130000,3,2,0,2009,Kano,200000000
130100,3,2,0,2016,Kano,200000000
130200,2,2,0,2000,Kaduna,200000000
130300,3,1,1,2012,Jigawa,200000000
130400,5,2,1,2005,Kano,200000000
130500,1,3,0,2016,Jigawa,200000000
130600,5,1,0,2012,Lagos,200000000
130700,2,3,0,2004,Kano,200000000
130800,3,1,1,2007,Lagos,200000000
130900,4,2,1,2023,Abuja,200000000
131000,4,2,1,2021,Jigawa,200000000
131100,5,2,0,2017,Kano,200000000
131200,4,3,0,2014,Jigawa,200000000
131300,3,2,1,1995,Kano,200000000
131400,2,2,1,2001,Lagos,200000000
131500,4,1,0,2012,Jigawa,200000000
131600,2,2,0,2008,Jigawa,200000000
131700,3,1,0,2012,Kaduna,200000000
131800,5,2,0,2010,Lagos,200000000
131900,4,3,0,2008,Abuja,200000000
132000,1,2,0,2001,Kaduna,200000000
132100,4,1,0,2013,Jigawa,200000000
132200,4,2,0,2019,Lagos,200000000
132300,4,2,0,2016,Abuja,200000000
132400,2,2,0,2014,Abuja,200000000
132500,1,1,1,2004,Lagos,200000000
132600,4,1,0,2006,Lagos,200000000
132700,2,2,1,2007,Kano,200000000
132800,4,1,0,1999,Abuja,200000000
132900,5,2,1,2022,Kaduna,200000000
133000,5,3,0,2022,Kano,200000000
133100,4,3,0,2009,Kaduna,200000000
133200,5,2,0,2008,Kaduna,200000000
133300,1,3,0,2004,Lagos,200000000
133400,3,1,1,2000,Lagos,200000000
133500,5,2,0,2021,Kano,200000000
133600,1,3,0,2023,Abuja,200000000
133700,5,1,1,2000,Kaduna,200000000
133800,4,3,1,2002,Abuja,200000000
133900,1,2,1,2023,Jigawa,200000000
134000,1,1,1,2018,Kaduna,200000000
134100,1,1,1,2022,Abuja,200000000
134200,2,1,0,1997,Jigawa,200000000
134300,2,1,1,2007,Kano,200000000
134400,3,1,0,2011,Kaduna,200000000
134500,4,2,1,2013,Kaduna,200000000
134600,3,2,1,2009,Abuja,200000000
134700,2,2,1,2023,Lagos,200000000
134800,2,1,0,2013,Kaduna,200000000
134900,1,1,1,2009,Abuja,200000000
135000,1,1,1,2007,Kaduna,200000000
135100,5,1,1,2021,Kano,200000000
135200,1,3,0,2003,Abuja,200000000
135300,5,1,1,2007,Lagos,200000000
135400,2,3,1,2004,Abuja,200000000
135500,3,1,1,2007,Kaduna,200000000
135600,4,2,0,2023,Kano,200000000
135700,1,2,0,2016,Kano,200000000
135800,2,1,0,1996,Abuja,200000000
135900,3,1,0,1996,Kano,200000000
136000,2,2,1,1997,Jigawa,200000000
136100,3,1,1,2017,Lagos,200000000
136200,1,2,1,2022,Kaduna,200000000
136300,4,1,0,2015,Lagos,200000000
136400,4,2,0,2000,Abuja,200000000
136500,3,2,0,2004,Kaduna,200000000
136600,4,2,0,2007,Jigawa,200000000
136700,2,2,1,2002,Kano,200000000
136800,4,1,1,2021,Jigawa,200000000
136900,4,2,0,2009,Abuja,200000000
137000,2,2,0,2004,Lagos,200000000
137100,4,1,0,1996,Lagos,200000000
137200,4,2,0,2011,Kaduna,200000000
137300,2,2,1,1999,Kaduna,200000000
137400,2,1,1,2003,Abuja,200000000
137500,1,1,1,1996,Lagos,200000000
137600,5,1,0,2006,Abuja,200000000
137700,5,3,0,2005,Lagos,200000000
137800,3,3,1,2017,Kaduna,200000000
137900,2,2,0,1998,Jigawa,200000000
138000,5,1,1,2004,Jigawa,200000000
138100,3,3,1,2003,Kano,200000000
138200,5,2,1,2010,Kano,200000000
138300,4,3,0,2011,Abuja,200000000
138400,4,2,0,2004,Kaduna,200000000
138500,3,2,0,1998,Kaduna,200000000
138600,5,2,1,2002,Kaduna,200000000
138700,3,3,0,1998,Kaduna,200000000
138800,5,2,1,1995,Kano,200000000
138900,3,3,1,2018,Jigawa,200000000
139000,5,2,1,2010,Jigawa,200000000
139100,2,3,1,2005,Jigawa,200000000
139200,3,1,0,2008,Jigawa,200000000
139300,4,2,1,2011,Jigawa,200000000
139400,4,2,0,2012,Jigawa,200000000
139500,3,2,0,2017,Kano,200000000
139600,3,2,0,2012,Abuja,200000000
139700,5,2,1,2004,Jigawa,200000000
139800,5,3,0,2021,Jigawa,200000000
139900,2,3,0,2015,Kano,200000000
140000,3,1,0,2009,Kano,200000000
140100,3,2,1,2009,Jigawa,200000000
140200,4,2,0,2002,Kaduna,200000000
140300,4,2,1,2021,Kano,200000000
140400,1,2,1,2013,Lagos,200000000
140500,2,1,1,2023,Jigawa,200000000
140600,2,1,1,2012,Lagos,200000000
140700,3,1,1,2009,Abuja,200000000
140800,2,2,0,2013,Jigawa,200000000
140900,2,1,0,1995,Kano,200000000
141000,1,1,0,2021,Lagos,200000000
141100,1,1,1,1996,Kano,200000000
141200,5,1,0,2003,Abuja,200000000
141300,2,3,1,2019,Kano,200000000
141400,1,1,0,2023,Abuja,200000000
141500,3,1,0,2003,Kano,200000000
141600,4,2,0,2003,Abuja,200000000
141700,5,2,0,2003,Kano,200000000
141800,5,3,1,2010,Kaduna,200000000
141900,2,3,1,2022,Jigawa,200000000
142000,3,1,0,2008,Kano,200000000
142100,5,2,0,2006,Kano,200000000
142200,3,3,0,2008,Abuja,200000000
142300,1,2,1,1997,Jigawa,200000000
142400,5,1,1,2013,Kano,200000000
142500,2,3,0,2011,Abuja,200000000
142600,5,1,0,2008,Lagos,200000000
142700,4,3,1,2010,Abuja,200000000
142800,3,2,0,2002,Abuja,200000000
142900,5,2,1,2004,Kaduna,200000000
143000,3,3,1,2023,Lagos,200000000
143100,2,2,1,2016,Lagos,200000000
143200,2,1,1,2009,Jigawa,200000000
143300,2,1,1,2018,Kaduna,200000000
143400,2,1,0,2011,Jigawa,200000000
143500,2,1,1,2012,Abuja,200000000
143600,3,1,0,2015,Kaduna,200000000
143700,3,2,0,2010,Jigawa,200000000
143800,4,2,1,2003,Lagos,200000000
143900,2,2,0,2012,Lagos,200000000
144000,3,1,1,2017,Kaduna,200000000
144100,3,2,1,2000,Jigawa,200000000
144200,1,2,1,2019,Kano,200000000
144300,2,1,0,1995,Abuja,200000000
144400,5,1,0,2006,Abuja,200000000
144500,5,3,0,2011,Abuja,200000000
144600,5,3,1,2013,Kaduna,200000000
144700,4,3,0,2021,Jigawa,200000000
144800,3,2,0,1996,Kaduna,200000000
144900,4,2,0,2000,Kaduna,200000000
145000,2,2,0,2019,Kaduna,200000000
145100,1,1,1,2007,Kaduna,200000000
145200,1,1,1,2005,Kano,200000000
145300,4,1,1,2010,Abuja,200000000
145400,1,2,1,2011,Lagos,200000000
145500,2,1,1,2014,Abuja,200000000
145600,5,1,0,2015,Lagos,200000000
145700,2,3,1,2009,Abuja,200000000
145800,3,1,0,2003,Kano,200000000
145900,2,2,0,1997,Kano,200000000
146000,1,1,1,2001,Abuja,200000000
146100,1,1,0,2021,Abuja,200000000
146200,2,1,1,2005,Lagos,200000000
146300,5,1,1,1998,Jigawa,200000000
146400,4,3,1,2002,Abuja,200000000
146500,5,2,0,2004,Kaduna,200000000
146600,2,3,0,2015,Abuja,200000000
146700,2,1,0,2003,Kano,200000000
146800,5,1,1,2018,Jigawa,200000000
146900,2,3,1,2006,Kaduna,200000000
147000,2,1,1,2013,Jigawa,200000000
147100,1,1,0,2013,Lagos,200000000
147200,4,1,0,2013,Kano,200000000
147300,5,2,0,2009,Jigawa,200000000
147400,3,3,1,2016,Jigawa,200000000
147500,5,2,1,2023,Jigawa,200000000
147600,4,3,0,1999,Lagos,200000000
147700,4,2,1,2017,Abuja,200000000
147800,5,2,0,1997,Lagos,200000000
147900,2,3,1,2017,Kano,200000000
148000,3,1,0,2014,Jigawa,200000000
148100,3,2,1,2001,Jigawa,200000000
148200,5,2,0,2006,Jigawa,200000000
148300,5,3,0,2021,Kano,200000000
148400,1,3,1,2017,Kano,200000000
148500,5,1,1,2017,Jigawa,200000000
148600,2,3,0,2005,Kano,200000000
148700,5,1,0,2011,Abuja,200000000
148800,1,3,1,2007,Kano,200000000
148900,2,1,1,1998,Abuja,200000000
149000,3,1,1,2012,Kaduna,200000000
149100,5,2,1,1995,Jigawa,200000000
149200,2,3,0,2011,Lagos,200000000
149300,3,1,1,2000,Kaduna,200000000
149400,2,2,0,2016,Jigawa,200000000
149500,2,1,1,2002,Kano,200000000
149600,1,1,0,2021,Lagos,200000000
149700,4,1,0,2001,Jigawa,200000000
149800,4,2,1,2002,Jigawa,200000000
149900,1,2,1,2019,Jigawa,200000000
150000,3,1,0,2021,Kano,200000000
150100,4,2,1,2001,Jigawa,200000000
150200,4,2,0,2004,Kaduna,200000000
150300,4,2,1,2001,Jigawa,200000000
150400,2,2,1,2009,Jigawa,200000000
150500,2,1,0,2007,Lagos,200000000
150600,2,1,0,2022,Lagos,200000000
150700,3,1,1,2016,Kano,200000000
150800,1,2,0,2001,Jigawa,200000000
150900,1,1,0,2018,Jigawa,200000000
151000,2,1,0,1999,Lagos,200000000
151100,1,1,1,2004,Jigawa,200000000
151200,5,1,0,2005,Kaduna,200000000
151300,3,3,0,2000,Kano,200000000
151400,2,2,1,2023,Kano,200000000
151500,1,1,1,1996,Abuja,200000000
151600,4,1,0,2021,Kaduna,200000000
151700,4,2,1,2002,Lagos,200000000
151800,3,2,1,2006,Kaduna,200000000
151900,1,2,0,2006,Kano,200000000
152000,3,1,1,2001,Lagos,200000000
152100,5,2,0,2004,Kano,200000000
152200,1,3,0,2003,Abuja,200000000
152300,5,1,0,2008,Jigawa,200000000
152400,4,3,0,1995,Kaduna,200000000
152500,4,2,1,1997,Kaduna,200000000
152600,2,2,0,2015,Kaduna,200000000
152700,5,1,1,2023,Jigawa,200000000
152800,5,3,1,2002,Abuja,200000000
152900,1,3,0,2023,Lagos,200000000
153000,3,1,0,2008,Lagos,200000000
153100,1,2,0,2003,Jigawa,200000000
153200,3,1,1,2006,Lagos,200000000
153300,5,2,0,2023,Kano,200000000
153400,3,3,1,2003,Abuja,200000000
153500,3,2,1,2008,Jigawa,200000000
153600,2,2,0,2012,Lagos,200000000
153700,2,1,0,2019,Kano,200000000
153800,2,1,1,2001,Kano,200000000
153900,2,1,0,2001,Kaduna,200000000
154000,4,1,1,2011,Abuja,200000000
154100,5,2,1,2019,Lagos,200000000
154200,5,3,0,2021,Lagos,200000000
154300,1,3,0,2019,Abuja,200000000
154400,2,1,1,1995,Abuja,200000000
154500,2,1,0,2013,Jigawa,200000000
154600,3,1,0,2017,Jigawa,200000000
154700,3,2,0,2002,Lagos,200000000
154800,2,2,1,1998,Kaduna,200000000
154900,4,1,1,2002,Lagos,200000000
155000,3,2,0,2023,Kaduna,200000000
155100,1,2,1,2015,Kano,200000000
155200,4,1,1,2001,Kano,200000000
155300,5,2,1,2006,Lagos,200000000
155400,5,3,1,2019,Kaduna,200000000
155500,4,3,0,2018,Jigawa,200000000
155600,2,2,0,2013,Lagos,200000000
155700,1,1,1,2006,Jigawa,200000000
155800,3,1,1,1995,Kaduna,200000000
155900,4,2,0,2023,Kaduna,200000000
156000,3,2,0,2021,Lagos,200000000
156100,4,2,1,2015,Kaduna,200000000
156200,3,2,1,2020,Abuja,200000000
156300,2,2,1,2018,Lagos,200000000
156400,2,1,0,1995,Jigawa,200000000
156500,5,1,1,2013,Lagos,200000000
156600,4,3,0,2012,Abuja,200000000
156700,3,2,0,2021,Lagos,200000000
156800,5,2,0,2002,Lagos,200000000
156900,4,3,1,2009,Lagos,200000000
157000,4,2,0,2004,Lagos,200000000
157100,1,2,0,1999,Abuja,200000000
157200,1,1,1,2000,Kano,200000000
157300,3,1,1,2005,Abuja,200000000
157400,5,2,0,1998,Jigawa,200000000
157500,3,3,0,2001,Jigawa,200000000
157600,3,2,0,2022,Lagos,200000000
157700,1,2,1,2010,Jigawa,200000000
157800,1,1,1,2018,Jigawa,200000000
157900,1,1,1,2019,Jigawa,200000000
158000,4,1,1,2003,Kano,200000000
158100,4,2,0,2010,Kano,200000000
158200,5,2,0,2016,Kano,200000000
158300,4,3,0,2023,Abuja,200000000
158400,4,2,1,2005,Kano,200000000
158500,4,2,1,2009,Lagos,200000000
158600,4,2,1,1996,Abuja,200000000
158700,1,2,0,2021,Kano,200000000
158800,5,1,1,2013,Lagos,200000000
158900,5,3,0,2008,Kano,200000000
159000,1,3,0,2001,Kano,200000000
159100,4,1,1,2002,Kaduna,200000000
159200,5,2,1,2017,Kano,200000000
159300,2,3,1,2010,Kano,200000000
159400,3,1,0,2023,Jigawa,200000000
159500,2,2,1,2004,Abuja,200000000
159600,1,1,0,2015,Jigawa,200000000
159700,3,1,1,2011,Kano,200000000
159800,5,2,0,2012,Jigawa,200000000
159900,3,3,0,1998,Lagos,200000000
160000,1,2,1,2010,Lagos,200000000
160100,1,1,0,1998,Jigawa,200000000
160200,4,1,1,2002,Lagos,200000000
160300,3,2,0,2013,Abuja,200000000
160400,5,2,1,1995,Jigawa,200000000
160500,2,3,1,2018,Kano,200000000
160600,4,1,0,1998,Lagos,200000000
160700,1,2,0,2003,Abuja,200000000
160800,5,1,1,2023,Kaduna,200000000
160900,4,3,1,2008,Kano,200000000
161000,3,2,1,1999,Lagos,200000000
161100,1,2,1,2005,Kaduna,200000000
161200,3,1,1,1999,Kaduna,200000000
161300,3,2,1,1997,Kaduna,200000000
161400,3,2,0,1995,Jigawa,200000000
161500,2,2,1,2005,Abuja,200000000
161600,5,1,0,2001,Lagos,200000000
161700,5,3,0,2021,Lagos,200000000
161800,2,3,0,2002,Kaduna,200000000
161900,5,1,0,2008,Abuja,200000000
162000,4,3,0,1999,Abuja,200000000
162100,4,2,0,2000,Kano,200000000
162200,1,2,0,2023,Lagos,200000000
162300,4,1,0,1995,Jigawa,200000000
162400,2,2,1,2020,Kano,200000000
162500,4,1,0,1996,Kaduna,200000000
162600,4,2,1,1995,Jigawa,200000000
162700,4,2,0,2023,Kano,200000000
162800,4,2,0,1995,Jigawa,200000000
162900,5,2,0,2011,Jigawa,200000000
163000,1,3,1,2001,Kano,200000000
163100,3,1,1,2011,Kaduna,200000000
163200,1,2,0,1996,Kano,200000000
163300,1,1,0,1998,Kano,200000000
163400,3,1,0,1996,Kano,200000000
163500,2,2,1,1997,Kaduna,200000000
163600,2,1,1,2003,Jigawa,200000000
163700,5,1,1,1998,Abuja,200000000
163800,2,3,0,2012,Kano,200000000
163900,4,1,0,2019,Kano,200000000
164000,4,2,1,1996,Abuja,200000000
164100,5,2,1,2010,Jigawa,200000000
164200,1,3,1,2018,Abuja,200000000
164300,5,1,0,2012,Abuja,200000000
164400,2,3,1,2006,Jigawa,200000000
164500,2,1,1,2017,Lagos,200000000
164600,5,1,0,2008,Abuja,200000000
164700,3,3,1,2016,Lagos,200000000
164800,5,2,0,1999,Kaduna,200000000
164900,5,3,1,1997,Abuja,200000000
165000,4,3,1,2004,Lagos,200000000
165100,2,2,0,2016,Kaduna,200000000
165200,2,1,1,2013,Lagos,200000000
165300,5,1,1,2012,Jigawa,200000000
165400,3,3,0,2023,Jigawa,200000000
165500,4,2,1,1999,Kaduna,200000000
165600,4,2,0,2021,Lagos,200000000
165700,5,2,1,2012,Kano,200000000
165800,2,3,0,2007,Lagos,200000000
165900,1,1,0,2017,Kano,200000000
166000,2,1,1,2007,Abuja,200000000
166100,4,1,0,2000,Lagos,200000000
166200,2,2,1,2007,Abuja,200000000
166300,4,1,1,1998,Jigawa,200000000
166400,2,2,0,2000,Lagos,200000000
166500,5,1,1,2013,Abuja,200000000
166600,2,3,1,1995,Lagos,200000000
166700,3,1,1,2004,Jigawa,200000000
166800,3,2,0,2011,Abuja,200000000
166900,3,2,1,2019,Abuja,200000000
167000,2,2,0,2003,Kaduna,200000000
167100,4,1,1,1998,Jigawa,200000000
167200,1,2,0,2022,Kano,200000000
167300,5,1,1,1999,Jigawa,200000000
167400,4,3,1,2023,Kano,200000000
167500,4,2,1,2013,Jigawa,200000000
167600,3,2,0,2015,Jigawa,200000000
167700,4,2,0,2005,Lagos,200000000
167800,2,2,0,2000,Lagos,200000000
167900,4,1,1,2001,Jigawa,200000000
168000,3,2,1,2018,Kaduna,200000000
168100,2,2,1,2011,Kano,200000000
168200,4,1,1,2006,Kano,200000000
168300,3,2,1,2023,Abuja,200000000
168400,1,2,1,2004,Abuja,200000000
168500,5,1,1,2009,Jigawa,200000000
168600,5,3,1,2000,Kaduna,200000000
168700,2,3,1,2001,Lagos,200000000
168800,2,1,1,2020,Abuja,200000000
168900,1,1,1,2007,Jigawa,200000000
169000,5,1,0,2006,Kaduna,200000000
169100,4,3,0,1996,Abuja,200000000
169200,1,2,1,2018,Lagos,200000000
169300,1,1,0,2019,Lagos,200000000
169400,3,1,0,2005,Lagos,200000000
169500,3,2,1,2009,Kano,200000000
169600,4,2,1,2019,Abuja,200000000
169700,5,2,0,2019,Kaduna,200000000
169800,5,3,1,2017,Jigawa,200000000
169900,1,3,0,2016,Kano,200000000
170000,1,1,0,2007,Lagos,200000000
170100,5,1,1,2020,Abuja,200000000
170200,1,3,1,2010,Lagos,200000000
170300,4,1,0,1999,Kaduna,200000000
170400,2,2,0,2013,Jigawa,200000000
170500,3,1,1,2022,Kano,200000000
170600,2,2,0,2011,Abuja,200000000
170700,4,1,1,1999,Abuja,200000000
170800,2,2,0,2022,Kano,200000000
170900,4,1,0,1997,Jigawa,200000000
171000,1,2,0,2021,Jigawa,200000000
171100,1,1,0,2000,Kaduna,200000000
171200,2,1,1,2008,Kaduna,200000000
171300,1,1,0,2018,Lagos,200000000
171400,1,1,1,1995,Jigawa,200000000
171500,5,1,0,2014,Lagos,200000000
171600,4,3,1,2000,Kano,200000000
171700,2,2,0,2015,Kaduna,200000000
171800,3,1,1,2000,Lagos,200000000
171900,1,2,1,2023,Abuja,200000000
172000,1,1,0,1999,Jigawa,200000000
172100,2,1,1,2001,Kaduna,200000000
172200,1,1,1,2009,Kaduna,200000000
172300,4,1,1,2005,Jigawa,200000000
172400,5,2,0,2004,Kaduna,200000000
172500,5,3,1,2007,Jigawa,200000000
172600,4,3,1,2008,Kaduna,200000000
172700,1,2,0,2001,Lagos,200000000
172800,4,1,0,2012,Kano,200000000
172900,3,2,1,2008,Lagos,200000000
173000,5,2,0,1996,Lagos,200000000
173100,5,3,1,1997,Jigawa,200000000
173200,5,3,0,2016,Abuja,200000000
173300,4,3,1,1998,Kaduna,200000000
173400,5,2,1,2017,Kaduna,200000000
173500,4,3,0,2019,Kano,200000000
173600,2,2,1,1998,Jigawa,200000000
173700,1,1,1,2023,Jigawa,200000000
173800,4,1,1,2015,Abuja,200000000
173900,5,2,1,2005,Kano,200000000
174000,4,3,1,1996,Kaduna,200000000
174100,3,2,0,2022,Jigawa,200000000
174200,3,2,1,2007,Kano,200000000
174300,1,2,0,2015,Kano,200000000
174400,4,1,1,2023,Abuja,200000000
174500,5,2,1,2001,Jigawa,200000000
174600,1,3,1,2017,Kaduna,200000000
174700,5,1,0,1999,Kano,200000000
174800,3,3,1,2005,Lagos,200000000
174900,2,2,0,2009,Kano,200000000
175000,4,1,1,2020,Lagos,200000000
175100,2,2,1,2017,Abuja,200000000
175200,3,1,1,2001,Kaduna,200000000
175300,1,2,0,2007,Abuja,200000000
175400,2,1,1,2010,Jigawa,200000000
175500,5,1,1,2002,Abuja,200000000
175600,1,3,1,2014,Jigawa,200000000
175700,1,1,1,1997,Kano,200000000
175800,4,1,1,1997,Abuja,200000000
175900,2,2,0,2010,Kano,200000000
176000,4,1,1,2018,Abuja,200000000
176100,3,2,1,2021,Lagos,200000000
176200,2,2,0,2022,Jigawa,200000000
176300,3,1,0,2010,Abuja,200000000
176400,4,2,1,1999,Jigawa,200000000
176500,3,2,1,2017,Lagos,200000000
176600,1,2,1,2014,Kaduna,200000000
176700,4,1,0,2021,Lagos,200000000
176800,2,2,1,2019,Lagos,200000000
176900,5,1,0,2012,Lagos,200000000
177000,4,3,0,2013,Kano,200000000
177100,1,2,1,2001,Kano,200000000
177200,4,1,0,2000,Jigawa,200000000
177300,2,2,1,2000,Kano,200000000
177400,5,1,0,2019,Kaduna,200000000
177500,5,3,0,2004,Kano,200000000
177600,5,3,0,2016,Jigawa,200000000
177700,2,3,1,2001,Kaduna,200000000
177800,1,1,0,2012,Kano,200000000
177900,2,1,0,2003,Abuja,200000000
178000,5,1,0,2010,Abuja,200000000
178100,4,3,0,2006,Kano,200000000
178200,4,2,1,1997,Kano,200000000
178300,3,2,1,2006,Abuja,200000000
178400,2,2,0,1995,Jigawa,200000000
178500,1,1,0,2014,Lagos,200000000
178600,1,1,1,2001,Jigawa,200000000
178700,2,1,1,2011,Kano,200000000
178800,1,1,1,2011,Jigawa,200000000
178900,3,1,0,2019,Lagos,200000000
179000,5,2,1,2016,Lagos,200000000
179100,4,3,1,2016,Kaduna,200000000
179200,4,2,1,2007,Jigawa,200000000
179300,4,2,1,2018,Abuja,200000000
179400,1,2,1,2004,Kano,200000000
179500,2,1,0,2000,Abuja,200000000
179600,1,1,0,2022,Abuja,200000000
179700,5,1,0,2000,Kano,200000000
179800,4,3,1,2019,Abuja,200000000
179900,2,2,1,2005,Kaduna,200000000
180000,5,1,1,2000,Abuja,200000000
180100,2,3,1,2008,Abuja,200000000
180200,3,1,0,2015,Kaduna,200000000
180300,1,2,0,2007,Lagos,200000000
180400,4,1,1,2019,Kano,200000000
180500,5,2,0,2008,Kaduna,200000000
180600,1,3,1,2021,Lagos,200000000
180700,3,1,1,1998,Kaduna,200000000
180800,4,2,0,2020,Lagos,200000000
180900,2,2,1,2023,Lagos,200000000
181000,5,1,1,2017,Kaduna,200000000
181100,2,3,1,2005,Kaduna,200000000
181200,3,1,1,2020,Jigawa,200000000
181300,3,2,1,2022,Abuja,200000000
181400,1,2,0,2023,Kano,200000000
181500,4,1,1,2012,Abuja,200000000
181600,4,2,0,2015,Abuja,200000000
181700,5,2,1,2019,Kano,200000000
181800,5,3,0,2012,Abuja,200000000
181900,3,3,0,2015,Abuja,200000000
182000,2,2,0,2006,Lagos,200000000
182100,5,1,0,2019,Kaduna,200000000
182200,2,3,0,2003,Kano,200000000
182300,1,1,1,1996,Kano,200000000
182400,2,1,1,1996,Abuja,200000000
182500,2,1,1,2012,Jigawa,200000000
182600,2,1,1,2017,Abuja,200000000
182700,2,1,0,1997,Kaduna,200000000
182800,4,1,0,2020,Kaduna,200000000
182900,3,2,1,1997,Kano,200000000
183000,4,2,1,2010,Kaduna,200000000
183100,5,2,1,1995,Kaduna,200000000
183200,1,3,1,2005,Lagos,200000000
183300,5,1,0,1998,Abuja,200000000
183400,2,3,0,1999,Abuja,200000000
183500,1,1,0,2016,Kaduna,200000000
183600,2,1,1,2016,Jigawa,200000000
183700,5,1,1,1997,Kaduna,200000000
183800,4,3,0,1998,Kano,200000000
183900,3,2,1,2004,Kaduna,200000000
184000,4,2,1,2017,Kaduna,200000000
184100,2,2,0,2009,Jigawa,200000000
184200,3,1,0,2017,Abuja,200000000
184300,4,2,0,2001,Kano,200000000
184400,5,2,0,2023,Abuja,200000000
184500,3,3,0,2000,Kaduna,200000000
184600,3,2,1,2018,Kaduna,200000000
184700,4,2,0,2020,Lagos,200000000
184800,2,2,0,2006,Abuja,200000000
184900,5,1,1,2018,Lagos,200000000
185000,3,3,0,2009,Kaduna,200000000
185100,5,2,1,2014,Abuja,200000000
185200,2,3,1,2009,Abuja,200000000
185300,3,1,0,2004,Kano,200000000
185400,3,2,1,1995,Jigawa,200000000
185500,3,2,1,2017,Jigawa,200000000
185600,2,2,0,2008,Kano,200000000
185700,5,1,1,2005,Jigawa,200000000
185800,3,3,0,2001,Jigawa,200000000
185900,2,2,0,2003,Abuja,200000000
186000,5,1,1,2010,Kaduna,200000000
186100,2,3,0,2017,Kano,200000000
186200,4,1,0,2020,Lagos,200000000
186300,2,2,0,2022,Kaduna,200000000
186400,3,1,1,2012,Lagos,200000000
186500,3,2,0,2016,Jigawa,200000000
186600,4,2,1,2019,Abuja,200000000
186700,5,2,0,2020,Jigawa,200000000
186800,1,3,1,2017,Jigawa,200000000
186900,5,1,0,2016,Lagos,200000000
187000,5,3,1,2010,Kaduna,200000000
187100,4,3,0,2012,Kaduna,200000000
187200,5,2,0,2020,Kano,200000000
187300,2,3,0,2022,Jigawa,200000000
187400,3,1,0,2008,Abuja,200000000
187500,5,2,1,2004,Abuja,200000000
187600,5,3,0,2005,Lagos,200000000
187700,5,3,0,2023,Kaduna,200000000
187800,1,3,1,2010,Kaduna,200000000
187900,3,1,0,2007,Kaduna,200000000
188000,5,2,1,2015,Jigawa,200000000
188100,4,3,0,2019,Kaduna,200000000
188200,2,2,1,2020,Jigawa,200000000
188300,5,1,1,2018,Abuja,200000000
188400,1,3,0,1996,Kano,200000000
188500,5,1,1,2021,Lagos,200000000
188600,1,3,0,2000,Kano,200000000
188700,1,1,0,2010,Kaduna,200000000
188800,1,1,1,2010,Lagos,200000000
188900,1,1,1,2009,Lagos,200000000
189000,2,1,0,2002,Kano,200000000
189100,4,1,1,2015,Kano,200000000
189200,5,2,0,2004,Jigawa,200000000
189300,1,3,1,2004,Abuja,200000000
189400,5,1,0,2015,Lagos,200000000
189500,3,3,1,2006,Abuja,200000000
189600,2,2,1,2013,Jigawa,200000000
189700,2,1,1,2001,Jigawa,200000000
189800,5,1,1,2020,Kano,200000000
189900,2,3,1,2016,Kano,200000000
190000,3,1,1,2010,Lagos,200000000
190100,5,2,1,2001,Lagos,200000000
190200,2,3,1,2011,Kaduna,200000000
190300,1,1,1,2003,Jigawa,200000000
190400,1,1,1,2009,Abuja,200000000
190500,2,1,1,2001,Abuja,200000000
190600,2,1,0,2002,Lagos,200000000
190700,5,1,1,2011,Kaduna,200000000
190800,5,3,1,2018,Jigawa,200000000
190900,1,3,1,2016,Lagos,200000000
191000,3,1,0,2019,Lagos,200000000
191100,2,2,0,2004,Kaduna,200000000
191200,1,1,0,2023,Jigawa,200000000
191300,5,1,0,2000,Abuja,200000000
191400,2,3,0,2002,Abuja,200000000
191500,3,1,0,2019,Jigawa,200000000
191600,4,2,1,2010,Kaduna,200000000
191700,1,2,1,2004,Kano,200000000
191800,3,1,1,2017,Jigawa,200000000
191900,3,2,1,2016,Abuja,200000000
192000,1,2,1,1996,Kaduna,200000000
192100,5,1,0,2004,Kaduna,200000000
192200,3,3,0,2002,Lagos,200000000
192300,5,2,0,1999,Jigawa,200000000
192400,1,3,0,2010,Kano,200000000
192500,5,1,1,1999,Lagos,200000000
192600,5,3,1,2016,Kaduna,200000000
192700,1,3,0,2009,Lagos,200000000
192800,4,1,0,1997,Abuja,200000000
192900,5,2,0,2017,Lagos,200000000
193000,4,3,0,2001,Abuja,200000000
193100,4,2,0,2019,Lagos,200000000
193200,3,2,0,2018,Kano,200000000
193300,1,2,0,2018,Kano,200000000
193400,2,1,1,2015,Jigawa,200000000
193500,5,1,1,1995,Kano,200000000
193600,3,3,0,2001,Jigawa,200000000
193700,3,2,1,2023,Kaduna,200000000
193800,4,2,0,1997,Kano,200000000
193900,3,2,1,1995,Abuja,200000000
194000,4,2,1,2002,Lagos,200000000
194100,1,2,1,2012,Lagos,200000000
194200,4,1,1,1998,Lagos,200000000
194300,1,2,1,1996,Kano,200000000
194400,1,1,1,2006,Kano,200000000
194500,2,1,1,2019,Jigawa,200000000
194600,2,1,1,2007,Kaduna,200000000
194700,2,1,1,1998,Lagos,200000000
194800,4,1,0,2011,Kaduna,200000000
194900,2,2,0,2019,Kaduna,200000000
195000,2,1,1,2007,Jigawa,200000000
195100,2,1,0,1997,Abuja,200000000
195200,2,1,1,2015,Kano,200000000
195300,1,1,1,2008,Kaduna,200000000
195400,4,1,0,2004,Kaduna,200000000
195500,1,2,0,2014,Lagos,200000000
195600,4,1,0,2009,Jigawa,200000000
195700,4,2,0,1998,Abuja,200000000
195800,2,2,0,2020,Kaduna,200000000
195900,1,1,1,2017,Jigawa,200000000
196000,4,1,1,2013,Abuja,200000000
196100,1,2,0,2017,Kaduna,200000000
196200,3,1,0,2002,Abuja,200000000
196300,2,2,1,2011,Kano,200000000
196400,5,1,0,2012,Abuja,200000000
196500,5,3,1,1996,Lagos,200000000
196600,1,3,1,2006,Lagos,200000000
196700,3,1,1,2007,Kaduna,200000000
196800,3,2,0,2017,Lagos,200000000
196900,1,2,1,2002,Jigawa,200000000
197000,5,1,0,1996,Jigawa,200000000
197100,4,3,0,2013,Kaduna,200000000
197200,4,2,0,2000,Abuja,200000000
197300,3,2,1,2005,Kaduna,200000000
197400,1,2,1,2002,Kano,200000000
197500,2,1,0,2014,Jigawa,200000000
197600,3,1,1,2011,Kano,200000000
197700,4,2,0,2013,Lagos,200000000
197800,4,2,1,2020,Kaduna,200000000
197900,2,2,0,2007,Kano,200000000
198000,5,1,1,2005,Abuja,200000000
198100,1,3,0,2005,Lagos,200000000
198200,2,1,1,2009,Jigawa,200000000
198300,1,1,0,2023,Jigawa,200000000
198400,1,1,1,2022,Kano,200000000
198500,1,1,1,2004,Jigawa,200000000
198600,5,1,0,2017,Kaduna,200000000
198700,3,3,1,2015,Kaduna,200000000
198800,5,2,1,2005,Abuja,200000000
198900,5,3,1,2005,Lagos,200000000
199000,2,3,1,2011,Kano,200000000
199100,3,1,0,2011,Abuja,200000000
199200,1,2,0,2012,Kaduna,200000000
199300,2,1,1,2020,Abuja,200000000
199400,4,1,1,1998,Jigawa,200000000
199500,4,2,1,2002,Jigawa,200000000
199600,3,2,1,2002,Kano,200000000
199700,4,2,0,1999,Jigawa,200000000
199800,4,2,0,2014,Kaduna,200000000
199900,3,2,0,2017,Abuja,200000000
200000,3,2,1,2017,Kaduna,200000000
200100,4,2,0,1995,Jigawa,200000000
200200,4,2,1,2010,Jigawa,200000000
200300,4,2,1,2012,Kano,200000000
200400,2,2,1,2004,Kano,200000000
200500,1,1,0,2014,Lagos,200000000
200600,5,1,1,2005,Jigawa,200000000
200700,1,3,0,2018,Jigawa,200000000
200800,3,1,1,2018,Lagos,200000000
200900,4,2,0,2017,Kano,200000000
201000,4,2,0,2022,Abuja,200000000
201100,5,2,0,2016,Jigawa,200000000
201200,5,3,1,2005,Jigawa,200000000
201300,1,3,1,2014,Kaduna,200000000
201400,4,1,1,2016,Abuja,200000000
201500,1,2,1,2014,Kaduna,200000000
201600,4,1,0,2016,Jigawa,200000000
201700,3,2,0,2022,Jigawa,200000000
201800,5,2,1,2017,Jigawa,200000000
201900,3,3,0,2007,Abuja,200000000
202000,2,2,1,2020,Kano,200000000
202100,3,1,1,2020,Lagos,200000000
202200,5,2,1,2021,Kaduna,200000000
202300,5,3,1,1997,Kano,200000000
202400,5,3,0,2021,Lagos,200000000
202500,1,3,1,2012,Abuja,200000000
202600,2,1,0,2022,Lagos,200000000
202700,1,1,0,2011,Kaduna,200000000
202800,2,1,0,1995,Kano,200000000
202900,5,1,0,2009,Lagos,200000000
203000,1,3,1,1995,Lagos,200000000
203100,1,1,0,2023,Kano,200000000
203200,5,1,1,2012,Kaduna,200000000
203300,3,3,0,2018,Abuja,200000000
203400,2,2,0,2008,Kaduna,200000000
203500,2,1,0,2014,Jigawa,200000000
203600,5,1,0,2005,Jigawa,200000000
203700,5,3,1,2023,Kano,200000000
203800,4,3,1,2004,Abuja,200000000
203900,5,2,1,2014,Abuja,200000000
204000,2,3,0,2007,Kaduna,200000000
204100,5,1,1,2005,Jigawa,200000000
204200,1,3,0,1998,Lagos,200000000
204300,2,1,1,2016,Lagos,200000000
204400,1,1,0,2009,Kano,200000000
204500,1,1,1,2013,Lagos,200000000
204600,5,1,1,2014,Lagos,200000000
204700,5,3,0,2018,Jigawa,200000000
204800,1,3,1,2021,Jigawa,200000000
204900,5,1,1,2005,Abuja,200000000
205000,4,3,1,2001,Jigawa,200000000
205100,1,2,1,1998,Abuja,200000000
205200,4,1,1,2009,Jigawa,200000000
205300,2,2,0,2005,Abuja,200000000
205400,2,1,0,2001,Kano,200000000
205500,5,1,0,2010,Lagos,200000000
205600,5,3,1,2008,Abuja,200000000
205700,2,3,0,2000,Kaduna,200000000
205800,2,1,1,2019,Jigawa,200000000
205900,3,1,1,2007,Kano,200000000
206000,3,2,1,2000,Kaduna,200000000
206100,3,2,1,2006,Kaduna,200000000
206200,3,2,1,2005,Abuja,200000000
206300,4,2,0,2001,Kano,200000000
206400,1,2,0,2018,Lagos,200000000
206500,2,1,1,2009,Kano,200000000
206600,2,1,1,2013,Kano,200000000
206700,5,1,0,2014,Jigawa,200000000
206800,4,3,1,1996,Lagos,200000000
206900,5,2,1,2020,Kano,200000000
207000,2,3,0,2013,Lagos,200000000
207100,5,1,0,2021,Lagos,200000000
207200,5,3,0,2023,Jigawa,200000000
207300,4,3,0,2011,Jigawa,200000000
207400,3,2,0,2014,Jigawa,200000000
207500,3,2,1,2011,Lagos,200000000
207600,1,2,1,2004,Jigawa,200000000
207700,1,1,1,2001,Lagos,200000000
207800,3,1,1,2005,Lagos,200000000
,,,,,,
,,,,,,
,,,,,,
,,,,,,
,,,,,,
,,,,,,
,,,,,,
,,,,,,
,,,,,,
,,,,,,
,,,,,,
,,,,,,
,,,,,,
,,,,,,
,,,,,,
,,,,,,
,,,,,,
,,,,,,
,,,,,,
,,,,,,
,,,,,,
,,,,,,
,,,,,,
,,,,,,
,,,,,,
,,,,,,
,,,,,,
,,,,,,
,,,,,,
,,,,,,
,,,,,,
,,,,,,
,,,,,,
,,,,,,
,,,,,,
,,,,,,
,,,,,,
,,,,,,
,,,,,,
,,,,,,
,,,,,,
,,,,,,
,,,,,,
,,,,,,
,,,,,,
,,,,,,
,,,,,,
,,,,,,
,,,,,,
,,,,,,
,,,,,,
